class,query,perturbation,embedding_cosine,matches,agreement,reverse_agreement,mean_iou
Brick Kiln,GC01PS03D0001_y201_x1120_p128_0004.npy,horizontal_flip,0.9987581968307495,19,0.038,0.03941908713692946,0.999999999999939
Brick Kiln,GC01PS03D0001_y201_x1120_p128_0004.npy,vertical_flip,0.9985252022743225,0,0.0,0.0,0.0
Brick Kiln,GC01PS03D0001_y201_x1120_p128_0004.npy,brightness,0.9997096657752991,191,0.382,0.45476190476190476,0.9999999999999392
Brick Kiln,GC01PS03D0001_y201_x1120_p128_0004.npy,contrast,0.9999903440475464,431,0.862,0.862,0.999999999999939
Brick Kiln,GC01PS03D0001_y293_x275_p128_0000.npy,horizontal_flip,0.9991316795349121,182,0.42823529411764705,0.4538653366583541,0.999999999999939
Brick Kiln,GC01PS03D0001_y293_x275_p128_0000.npy,vertical_flip,0.9987356662750244,76,0.17882352941176471,0.18138424821002386,0.999999999999939
Brick Kiln,GC01PS03D0001_y293_x275_p128_0000.npy,brightness,0.9998849630355835,330,0.7764705882352941,0.8229426433915212,0.999999999999939
Brick Kiln,GC01PS03D0001_y293_x275_p128_0000.npy,contrast,0.9999916553497314,409,0.9623529411764706,0.9489559164733179,0.9999999999999392
Brick Kiln,GC01PS03D0001_y571_x1908_p128_0002.npy,horizontal_flip,0.9899405837059021,0,0.0,0.0,0.0
Brick Kiln,GC01PS03D0001_y571_x1908_p128_0002.npy,vertical_flip,0.9995067119598389,323,0.7324263038548753,0.752913752913753,0.9999999999999389
Brick Kiln,GC01PS03D0001_y571_x1908_p128_0002.npy,brightness,0.9995629191398621,239,0.5419501133786848,0.5731414868105515,0.9999999999999393
Brick Kiln,GC01PS03D0001_y571_x1908_p128_0002.npy,contrast,0.9999955892562866,432,0.9795918367346939,0.9795918367346939,0.999999999999939
Brick Kiln,GC01PS03D0001_y80_x516_p128_0001.npy,horizontal_flip,0.9990438222885132,21,0.046875,0.046460176991150445,0.999999999999939
Brick Kiln,GC01PS03D0001_y80_x516_p128_0001.npy,vertical_flip,0.9992802143096924,74,0.16517857142857142,0.18137254901960784,0.9999999999999389
Brick Kiln,GC01PS03D0001_y80_x516_p128_0001.npy,brightness,0.9998651146888733,308,0.6875,0.717948717948718,0.9999999999999389
Brick Kiln,GC01PS03D0001_y80_x516_p128_0001.npy,contrast,0.9999843835830688,399,0.890625,0.9151376146788991,0.999999999999939
Brick Kiln,GC01PS03D0001_y888_x1148_p128_0003.npy,horizontal_flip,0.9969731569290161,0,0.0,0.0,0.0
Brick Kiln,GC01PS03D0001_y888_x1148_p128_0003.npy,vertical_flip,0.9990812540054321,108,0.24161073825503357,0.2482758620689655,0.9999999999999392
Brick Kiln,GC01PS03D0001_y888_x1148_p128_0003.npy,brightness,0.9996763467788696,210,0.4697986577181208,0.515970515970516,0.999999999999939
Brick Kiln,GC01PS03D0001_y888_x1148_p128_0003.npy,contrast,0.9999933838844299,417,0.9328859060402684,0.9205298013245033,0.999999999999939
Brick Kiln,GC01PS03D0009_y1327_x849_p128_0006.npy,horizontal_flip,0.9980732202529907,0,0.0,0.0,0.0
Brick Kiln,GC01PS03D0009_y1327_x849_p128_0006.npy,vertical_flip,0.9995167255401611,224,0.49888641425389757,0.45252525252525255,0.999999999999939
Brick Kiln,GC01PS03D0009_y1327_x849_p128_0006.npy,brightness,0.9996557235717773,209,0.46547884187082406,0.5036144578313253,0.999999999999939
Brick Kiln,GC01PS03D0009_y1327_x849_p128_0006.npy,contrast,0.9999984502792358,431,0.9599109131403119,0.9451754385964912,0.999999999999939
Brick Kiln,GC01PS03D0009_y1454_x1164_p128_0007.npy,horizontal_flip,0.998336911201477,93,0.20575221238938052,0.19787234042553192,0.9999999999999392
Brick Kiln,GC01PS03D0009_y1454_x1164_p128_0007.npy,vertical_flip,0.9918744564056396,0,0.0,0.0,0.0
Brick Kiln,GC01PS03D0009_y1454_x1164_p128_0007.npy,brightness,0.9996950030326843,316,0.6991150442477876,0.7470449172576832,0.9999999999999388
Brick Kiln,GC01PS03D0009_y1454_x1164_p128_0007.npy,contrast,0.9999995827674866,449,0.9933628318584071,0.9868131868131869,0.9999999999999392
Brick Kiln,GC01PS03D0009_y714_x562_p128_0005.npy,horizontal_flip,0.9977447390556335,6,0.013186813186813187,0.013071895424836602,0.9999999999999388
Brick Kiln,GC01PS03D0009_y714_x562_p128_0005.npy,vertical_flip,0.9981472492218018,14,0.03076923076923077,0.03414634146341464,0.9999999999999393
Brick Kiln,GC01PS03D0009_y714_x562_p128_0005.npy,brightness,0.9998582601547241,321,0.7054945054945055,0.800498753117207,0.9999999999999389
Brick Kiln,GC01PS03D0009_y714_x562_p128_0005.npy,contrast,0.9999868273735046,419,0.9208791208791208,0.8895966029723992,0.999999999999939
Brick Kiln,GC01PS03D0037_y1172_x300_p128_0018.npy,horizontal_flip,0.9993453025817871,269,0.5809935205183585,0.554639175257732,0.9999999999999392
Brick Kiln,GC01PS03D0037_y1172_x300_p128_0018.npy,vertical_flip,0.9953684210777283,0,0.0,0.0,0.0
Brick Kiln,GC01PS03D0037_y1172_x300_p128_0018.npy,brightness,0.9998922348022461,390,0.8423326133909287,0.8552631578947368,0.999999999999939
Brick Kiln,GC01PS03D0037_y1172_x300_p128_0018.npy,contrast,0.9999903440475464,446,0.9632829373650108,0.948936170212766,0.999999999999939
Brick Kiln,GC01PS03D0037_y1200_x357_p128_0019.npy,horizontal_flip,0.9976441860198975,0,0.0,0.0,0.0
Brick Kiln,GC01PS03D0037_y1200_x357_p128_0019.npy,vertical_flip,0.9988131523132324,62,0.1257606490872211,0.12943632567849686,0.9999999999999386
Brick Kiln,GC01PS03D0037_y1200_x357_p128_0019.npy,brightness,0.9998108744621277,318,0.6450304259634888,0.6503067484662577,0.9999999999999388
Brick Kiln,GC01PS03D0037_y1200_x357_p128_0019.npy,contrast,0.9999964237213135,466,0.9452332657200812,0.9395161290322581,0.9999999999999392
Brick Kiln,GC01PS03D0037_y1301_x599_p128_0009.npy,horizontal_flip,0.9902441501617432,0,0.0,0.0,0.0
Brick Kiln,GC01PS03D0037_y1301_x599_p128_0009.npy,vertical_flip,0.9987121224403381,160,0.3864734299516908,0.3950617283950617,0.9999999999999389
Brick Kiln,GC01PS03D0037_y1301_x599_p128_0009.npy,brightness,0.9999123811721802,355,0.857487922705314,0.8765432098765432,0.999999999999939
Brick Kiln,GC01PS03D0037_y1301_x599_p128_0009.npy,contrast,0.9999911785125732,402,0.9710144927536232,0.9617224880382775,0.999999999999939
Brick Kiln,GC01PS03D0037_y1340_x642_p128_0010.npy,horizontal_flip,0.9944368004798889,0,0.0,0.0,0.0
Brick Kiln,GC01PS03D0037_y1340_x642_p128_0010.npy,vertical_flip,0.9938879609107971,0,0.0,0.0,0.0
Brick Kiln,GC01PS03D0037_y1340_x642_p128_0010.npy,brightness,0.9998101592063904,339,0.795774647887324,0.8268292682926829,0.9999999999999389
Brick Kiln,GC01PS03D0037_y1340_x642_p128_0010.npy,contrast,0.9999817609786987,398,0.9342723004694836,0.9364705882352942,0.9999999999999392
Brick Kiln,GC01PS03D0037_y1361_x552_p128_0008.npy,horizontal_flip,0.998611330986023,12,0.029339853300733496,0.02569593147751606,0.9999999999999392
Brick Kiln,GC01PS03D0037_y1361_x552_p128_0008.npy,vertical_flip,0.9989296197891235,83,0.20293398533007334,0.22615803814713897,0.999999999999939
Brick Kiln,GC01PS03D0037_y1361_x552_p128_0008.npy,brightness,0.9999158978462219,299,0.7310513447432763,0.7889182058047494,0.9999999999999388
Brick Kiln,GC01PS03D0037_y1361_x552_p128_0008.npy,contrast,0.99998539686203,364,0.8899755501222494,0.8813559322033898,0.999999999999939
Brick Kiln,GC01PS03D0037_y1428_x838_p128_0011.npy,horizontal_flip,0.9991814494132996,224,0.4543610547667343,0.448,0.999999999999939
Brick Kiln,GC01PS03D0037_y1428_x838_p128_0011.npy,vertical_flip,0.9967979192733765,0,0.0,0.0,0.0
Brick Kiln,GC01PS03D0037_y1428_x838_p128_0011.npy,brightness,0.9994003176689148,148,0.3002028397565923,0.31556503198294245,0.9999999999999389
Brick Kiln,GC01PS03D0037_y1428_x838_p128_0011.npy,contrast,0.9999979734420776,479,0.9716024340770791,0.9716024340770791,0.9999999999999393
Brick Kiln,GC01PS03D0037_y219_x270_p128_0015.npy,horizontal_flip,0.9966639280319214,0,0.0,0.0,0.0
Brick Kiln,GC01PS03D0037_y219_x270_p128_0015.npy,vertical_flip,0.9973996877670288,4,0.008908685968819599,0.01038961038961039,0.9999999999999389
Brick Kiln,GC01PS03D0037_y219_x270_p128_0015.npy,brightness,0.9999449253082275,401,0.8930957683741648,0.9155251141552512,0.999999999999939
Brick Kiln,GC01PS03D0037_y219_x270_p128_0015.npy,contrast,0.9999914169311523,425,0.9465478841870824,0.9381898454746137,0.999999999999939
Brick Kiln,GC01PS03D0037_y258_x1227_p128_0014.npy,horizontal_flip,0.9989498853683472,58,0.11909650924024641,0.11670020120724346,0.9999999999999387
Brick Kiln,GC01PS03D0037_y258_x1227_p128_0014.npy,vertical_flip,0.9968755841255188,0,0.0,0.0,0.0
Brick Kiln,GC01PS03D0037_y258_x1227_p128_0014.npy,brightness,0.9996103048324585,227,0.46611909650924027,0.5,0.9999999999999392
Brick Kiln,GC01PS03D0037_y258_x1227_p128_0014.npy,contrast,0.999997615814209,470,0.9650924024640657,0.9690721649484536,0.9999999999999392
Brick Kiln,GC01PS03D0037_y311_x455_p128_0016.npy,horizontal_flip,0.9987010955810547,2,0.004434589800443459,0.005390835579514825,0.9999999999999389
Brick Kiln,GC01PS03D0037_y311_x455_p128_0016.npy,vertical_flip,0.9990806579589844,66,0.14634146341463414,0.14442013129102846,0.9999999999999388
Brick Kiln,GC01PS03D0037_y311_x455_p128_0016.npy,brightness,0.9999588131904602,346,0.7671840354767184,0.9057591623036649,0.9999999999999389
Brick Kiln,GC01PS03D0037_y311_x455_p128_0016.npy,contrast,0.9999909400939941,429,0.9512195121951219,0.9206008583690987,0.999999999999939
Brick Kiln,GC01PS03D0037_y313_x1205_p128_0013.npy,horizontal_flip,0.9992026090621948,30,0.06,0.0641025641025641,0.9999999999999392
Brick Kiln,GC01PS03D0037_y313_x1205_p128_0013.npy,vertical_flip,0.9989876747131348,34,0.068,0.068,0.9999999999999387
Brick Kiln,GC01PS03D0037_y313_x1205_p128_0013.npy,brightness,0.9995073080062866,96,0.192,0.192,0.999999999999939
Brick Kiln,GC01PS03D0037_y313_x1205_p128_0013.npy,contrast,0.9999932646751404,449,0.898,0.898,0.9999999999999392
Brick Kiln,GC01PS03D0037_y511_x1186_p128_0012.npy,horizontal_flip,0.9979990720748901,1,0.002105263157894737,0.0021321961620469083,0.9999999999999389
Brick Kiln,GC01PS03D0037_y511_x1186_p128_0012.npy,vertical_flip,0.9989442825317383,38,0.08,0.07755102040816327,0.9999999999999385
Brick Kiln,GC01PS03D0037_y511_x1186_p128_0012.npy,brightness,0.9997721910476685,289,0.608421052631579,0.6393805309734514,0.9999999999999388
Brick Kiln,GC01PS03D0037_y511_x1186_p128_0012.npy,contrast,0.9999940991401672,439,0.9242105263157895,0.9145833333333333,0.9999999999999392
Brick Kiln,GC01PS03D0037_y512_x213_p128_0017.npy,horizontal_flip,0.9971776008605957,2,0.004889975550122249,0.004830917874396135,0.9999999999999389
Brick Kiln,GC01PS03D0037_y512_x213_p128_0017.npy,vertical_flip,0.9925523400306702,0,0.0,0.0,0.0
Brick Kiln,GC01PS03D0037_y512_x213_p128_0017.npy,brightness,0.9999502301216125,375,0.9168704156479217,0.9282178217821783,0.999999999999939
Brick Kiln,GC01PS03D0037_y512_x213_p128_0017.npy,contrast,0.9999915361404419,396,0.9682151589242054,0.9705882352941176,0.9999999999999392
Metro Shed,GC01PS03D0040_y-35_x740_p128_0001.npy,horizontal_flip,0.9995241165161133,252,0.5050100200400801,0.5407725321888412,0.9999999999999389
Metro Shed,GC01PS03D0040_y-35_x740_p128_0001.npy,vertical_flip,0.9985916614532471,3,0.006012024048096192,0.008771929824561403,0.999999999999939
Metro Shed,GC01PS03D0040_y-35_x740_p128_0001.npy,brightness,0.9999250769615173,322,0.6452905811623246,0.71875,0.9999999999999389
Metro Shed,GC01PS03D0040_y-35_x740_p128_0001.npy,contrast,0.9999842643737793,422,0.845691382765531,0.844,0.9999999999999392
Metro Shed,GC01PS03D0040_y250_x861_p128_0000.npy,horizontal_flip,0.9989904165267944,17,0.038461538461538464,0.04336734693877551,0.9999999999999389
Metro Shed,GC01PS03D0040_y250_x861_p128_0000.npy,vertical_flip,0.9991596937179565,99,0.2239819004524887,0.25255102040816324,0.9999999999999392
Metro Shed,GC01PS03D0040_y250_x861_p128_0000.npy,brightness,0.9999303817749023,291,0.6583710407239819,0.7780748663101604,0.9999999999999388
Metro Shed,GC01PS03D0040_y250_x861_p128_0000.npy,contrast,0.9999933242797852,409,0.9253393665158371,0.8930131004366813,0.9999999999999392
Solar Panel,GC01PS03D0043_y1015_x719_p128_0023.npy,horizontal_flip,0.9974088668823242,0,0.0,0.0,0.0
Solar Panel,GC01PS03D0043_y1015_x719_p128_0023.npy,vertical_flip,0.9964863657951355,0,0.0,0.0,0.0
Solar Panel,GC01PS03D0043_y1015_x719_p128_0023.npy,brightness,0.9999423027038574,256,0.6994535519125683,0.7052341597796143,0.9999999999999392
Solar Panel,GC01PS03D0043_y1015_x719_p128_0023.npy,contrast,0.9999858140945435,324,0.8852459016393442,0.8709677419354839,0.9999999999999389
Solar Panel,GC01PS03D0043_y1049_x262_p128_0014.npy,horizontal_flip,0.9996638894081116,103,0.48130841121495327,0.38721804511278196,0.9999999999999393
Solar Panel,GC01PS03D0043_y1049_x262_p128_0014.npy,vertical_flip,0.9996158480644226,45,0.2102803738317757,0.20930232558139536,0.9999999999999386
Solar Panel,GC01PS03D0043_y1049_x262_p128_0014.npy,brightness,0.9999836683273315,159,0.7429906542056075,0.8784530386740331,0.999999999999939
Solar Panel,GC01PS03D0043_y1049_x262_p128_0014.npy,contrast,0.999995768070221,203,0.9485981308411215,0.8675213675213675,0.999999999999939
Solar Panel,GC01PS03D0043_y455_x1214_p128_0010.npy,horizontal_flip,0.9993991851806641,214,0.5646437994722955,0.5071090047393365,0.9999999999999392
Solar Panel,GC01PS03D0043_y455_x1214_p128_0010.npy,vertical_flip,0.9991744756698608,80,0.21108179419525067,0.215633423180593,0.9999999999999389
Solar Panel,GC01PS03D0043_y455_x1214_p128_0010.npy,brightness,0.999948263168335,262,0.6912928759894459,0.8791946308724832,0.999999999999939
Solar Panel,GC01PS03D0043_y455_x1214_p128_0010.npy,contrast,0.9999855756759644,340,0.8970976253298153,0.8877284595300261,0.9999999999999389
Solar Panel,GC01PS03D0043_y488_x1646_p128_0017.npy,horizontal_flip,0.9997619390487671,219,0.6049723756906077,0.6,0.9999999999999392
Solar Panel,GC01PS03D0043_y488_x1646_p128_0017.npy,vertical_flip,0.9986186027526855,16,0.04419889502762431,0.05693950177935943,0.9999999999999389
Solar Panel,GC01PS03D0043_y488_x1646_p128_0017.npy,brightness,0.999951958656311,260,0.7182320441988951,0.8387096774193549,0.999999999999939
Solar Panel,GC01PS03D0043_y488_x1646_p128_0017.npy,contrast,0.9999876022338867,322,0.8895027624309392,0.8655913978494624,0.9999999999999389
Solar Panel,GC01PS03D0043_y529_x665_p128_0016.npy,horizontal_flip,0.997932493686676,0,0.0,0.0,0.0
Solar Panel,GC01PS03D0043_y529_x665_p128_0016.npy,vertical_flip,0.9995812177658081,177,0.6103448275862069,0.6167247386759582,0.9999999999999389
Solar Panel,GC01PS03D0043_y529_x665_p128_0016.npy,brightness,0.9999797344207764,231,0.7965517241379311,0.8953488372093024,0.9999999999999393
Solar Panel,GC01PS03D0043_y529_x665_p128_0016.npy,contrast,0.9999916553497314,272,0.9379310344827586,0.8690095846645367,0.9999999999999387
Solar Panel,GC01PS03D0043_y536_x1085_p128_0004.npy,horizontal_flip,0.9983974695205688,10,0.02386634844868735,0.02932551319648094,0.999999999999939
Solar Panel,GC01PS03D0043_y536_x1085_p128_0004.npy,vertical_flip,0.9987109899520874,22,0.05250596658711217,0.060941828254847646,0.9999999999999392
Solar Panel,GC01PS03D0043_y536_x1085_p128_0004.npy,brightness,0.9999576807022095,299,0.7136038186157518,0.8282548476454293,0.9999999999999388
Solar Panel,GC01PS03D0043_y536_x1085_p128_0004.npy,contrast,0.999990701675415,391,0.9331742243436754,0.9030023094688222,0.999999999999939
Solar Panel,GC01PS03D0043_y538_x1299_p128_0001.npy,horizontal_flip,0.9982061386108398,1,0.0025380710659898475,0.002849002849002849,0.9999999999999389
Solar Panel,GC01PS03D0043_y538_x1299_p128_0001.npy,vertical_flip,0.9996127486228943,198,0.5025380710659898,0.515625,0.9999999999999392
Solar Panel,GC01PS03D0043_y538_x1299_p128_0001.npy,brightness,0.9999597072601318,268,0.6802030456852792,0.8,0.9999999999999389
Solar Panel,GC01PS03D0043_y538_x1299_p128_0001.npy,contrast,0.9999854564666748,331,0.8401015228426396,0.8422391857506362,0.9999999999999388
Solar Panel,GC01PS03D0043_y563_x1376_p128_0002.npy,horizontal_flip,0.9975847601890564,0,0.0,0.0,0.0
Solar Panel,GC01PS03D0043_y563_x1376_p128_0002.npy,vertical_flip,0.9987097978591919,26,0.0654911838790932,0.08360128617363344,0.999999999999939
Solar Panel,GC01PS03D0043_y563_x1376_p128_0002.npy,brightness,0.9999608993530273,291,0.7329974811083123,0.7929155313351499,0.9999999999999388
Solar Panel,GC01PS03D0043_y563_x1376_p128_0002.npy,contrast,0.9999880194664001,348,0.8765743073047859,0.8571428571428571,0.9999999999999389
Solar Panel,GC01PS03D0043_y564_x664_p128_0015.npy,horizontal_flip,0.9986588954925537,0,0.0,0.0,0.0
Solar Panel,GC01PS03D0043_y564_x664_p128_0015.npy,vertical_flip,0.9994555711746216,57,0.228,0.21509433962264152,0.9999999999999388
Solar Panel,GC01PS03D0043_y564_x664_p128_0015.npy,brightness,0.9999793767929077,199,0.796,0.9004524886877828,0.9999999999999392
Solar Panel,GC01PS03D0043_y564_x664_p128_0015.npy,contrast,0.9999920129776001,233,0.932,0.8534798534798534,0.9999999999999392
Solar Panel,GC01PS03D0043_y565_x1724_p128_0018.npy,horizontal_flip,0.9989157915115356,30,0.09063444108761329,0.08241758241758242,0.9999999999999392
Solar Panel,GC01PS03D0043_y565_x1724_p128_0018.npy,vertical_flip,0.9988898038864136,24,0.07250755287009064,0.064,0.999999999999939
Solar Panel,GC01PS03D0043_y565_x1724_p128_0018.npy,brightness,0.9999649524688721,208,0.6283987915407855,0.8489795918367347,0.999999999999939
Solar Panel,GC01PS03D0043_y565_x1724_p128_0018.npy,contrast,0.9999897480010986,309,0.9335347432024169,0.8489010989010989,0.9999999999999389
Solar Panel,GC01PS03D0043_y566_x963_p128_0022.npy,horizontal_flip,0.9965122938156128,0,0.0,0.0,0.0
Solar Panel,GC01PS03D0043_y566_x963_p128_0022.npy,vertical_flip,0.9988023638725281,62,0.15384615384615385,0.1712707182320442,0.9999999999999386
Solar Panel,GC01PS03D0043_y566_x963_p128_0022.npy,brightness,0.9999102354049683,261,0.6476426799007444,0.6923076923076923,0.999999999999939
Solar Panel,GC01PS03D0043_y566_x963_p128_0022.npy,contrast,0.9999895691871643,362,0.8982630272952854,0.8982630272952854,0.999999999999939
Solar Panel,GC01PS03D0043_y594_x334_p128_0007.npy,horizontal_flip,0.9968900084495544,0,0.0,0.0,0.0
Solar Panel,GC01PS03D0043_y594_x334_p128_0007.npy,vertical_flip,0.999552845954895,218,0.5907859078590786,0.5706806282722513,0.9999999999999392
Solar Panel,GC01PS03D0043_y594_x334_p128_0007.npy,brightness,0.9999518394470215,255,0.6910569105691057,0.7774390243902439,0.999999999999939
Solar Panel,GC01PS03D0043_y594_x334_p128_0007.npy,contrast,0.9999879598617554,333,0.9024390243902439,0.8786279683377308,0.9999999999999389
Solar Panel,GC01PS03D0043_y651_x1160_p128_0009.npy,horizontal_flip,0.9992152452468872,62,0.17663817663817663,0.22302158273381295,0.9999999999999386
Solar Panel,GC01PS03D0043_y651_x1160_p128_0009.npy,vertical_flip,0.9989580512046814,62,0.17663817663817663,0.16533333333333333,0.9999999999999386
Solar Panel,GC01PS03D0043_y651_x1160_p128_0009.npy,brightness,0.9999648332595825,249,0.7094017094017094,0.8498293515358362,0.9999999999999389
Solar Panel,GC01PS03D0043_y651_x1160_p128_0009.npy,contrast,0.9999908208847046,336,0.9572649572649573,0.896,0.9999999999999389
Solar Panel,GC01PS03D0043_y652_x594_p128_0006.npy,horizontal_flip,0.99965500831604,196,0.4792176039119804,0.49370277078085645,0.999999999999939
Solar Panel,GC01PS03D0043_y652_x594_p128_0006.npy,vertical_flip,0.9976854920387268,0,0.0,0.0,0.0
Solar Panel,GC01PS03D0043_y652_x594_p128_0006.npy,brightness,0.9999692440032959,328,0.8019559902200489,0.8770053475935828,0.999999999999939
Solar Panel,GC01PS03D0043_y652_x594_p128_0006.npy,contrast,0.9999904036521912,352,0.8606356968215159,0.8669950738916257,0.9999999999999389
Solar Panel,GC01PS03D0043_y653_x1288_p128_0000.npy,horizontal_flip,0.9971240758895874,0,0.0,0.0,0.0
Solar Panel,GC01PS03D0043_y653_x1288_p128_0000.npy,vertical_flip,0.9998208284378052,235,0.6456043956043956,0.6151832460732984,0.9999999999999392
Solar Panel,GC01PS03D0043_y653_x1288_p128_0000.npy,brightness,0.9999682903289795,239,0.6565934065934066,0.7966666666666666,0.9999999999999393
Solar Panel,GC01PS03D0043_y653_x1288_p128_0000.npy,contrast,0.9999891519546509,311,0.8543956043956044,0.8249336870026526,0.9999999999999389
Solar Panel,GC01PS03D0043_y660_x1397_p128_0003.npy,horizontal_flip,0.9998867511749268,145,0.6223175965665236,0.6118143459915611,0.9999999999999388
Solar Panel,GC01PS03D0043_y660_x1397_p128_0003.npy,vertical_flip,0.9997144937515259,74,0.31759656652360513,0.31896551724137934,0.9999999999999389
Solar Panel,GC01PS03D0043_y660_x1397_p128_0003.npy,brightness,0.9999818205833435,176,0.7553648068669528,0.8888888888888888,0.9999999999999389
Solar Panel,GC01PS03D0043_y660_x1397_p128_0003.npy,contrast,0.9999971985816956,228,0.9785407725321889,0.957983193277311,0.9999999999999392
Solar Panel,GC01PS03D0043_y728_x530_p128_0021.npy,horizontal_flip,0.9989429712295532,11,0.02576112412177986,0.02650602409638554,0.9999999999999392
Solar Panel,GC01PS03D0043_y728_x530_p128_0021.npy,vertical_flip,0.9995431900024414,197,0.4613583138173302,0.5281501340482574,0.9999999999999392
Solar Panel,GC01PS03D0043_y728_x530_p128_0021.npy,brightness,0.999951958656311,268,0.6276346604215457,0.8170731707317073,0.9999999999999389
Solar Panel,GC01PS03D0043_y728_x530_p128_0021.npy,contrast,0.9999923706054688,394,0.9227166276346604,0.9036697247706422,0.9999999999999392
Solar Panel,GC01PS03D0043_y735_x2150_p128_0019.npy,horizontal_flip,0.9962260723114014,0,0.0,0.0,0.0
Solar Panel,GC01PS03D0043_y735_x2150_p128_0019.npy,vertical_flip,0.998009204864502,9,0.026470588235294117,0.021377672209026127,0.999999999999939
Solar Panel,GC01PS03D0043_y735_x2150_p128_0019.npy,brightness,0.9999635219573975,287,0.8441176470588235,0.8107344632768362,0.999999999999939
Solar Panel,GC01PS03D0043_y735_x2150_p128_0019.npy,contrast,0.9999874830245972,319,0.9382352941176471,0.9140401146131805,0.999999999999939
Solar Panel,GC01PS03D0043_y761_x469_p128_0008.npy,horizontal_flip,0.9985291361808777,5,0.010964912280701754,0.013368983957219251,0.9999999999999389
Solar Panel,GC01PS03D0043_y761_x469_p128_0008.npy,vertical_flip,0.9989457130432129,30,0.06578947368421052,0.07228915662650602,0.9999999999999392
Solar Panel,GC01PS03D0043_y761_x469_p128_0008.npy,brightness,0.9999312162399292,314,0.6885964912280702,0.7458432304038005,0.9999999999999388
Solar Panel,GC01PS03D0043_y761_x469_p128_0008.npy,contrast,0.9999865293502808,410,0.8991228070175439,0.8951965065502183,0.999999999999939
Solar Panel,GC01PS03D0043_y808_x1023_p128_0005.npy,horizontal_flip,0.9995953440666199,139,0.3564102564102564,0.5537848605577689,0.9999999999999388
Solar Panel,GC01PS03D0043_y808_x1023_p128_0005.npy,vertical_flip,0.9988953471183777,4,0.010256410256410256,0.013422818791946308,0.9999999999999389
Solar Panel,GC01PS03D0043_y808_x1023_p128_0005.npy,brightness,0.9999681711196899,276,0.7076923076923077,0.8846153846153846,0.9999999999999388
Solar Panel,GC01PS03D0043_y808_x1023_p128_0005.npy,contrast,0.9999911785125732,353,0.9051282051282051,0.8609756097560975,0.9999999999999389
Solar Panel,GC01PS03D0043_y854_x2108_p128_0020.npy,horizontal_flip,0.9981677532196045,0,0.0,0.0,0.0
Solar Panel,GC01PS03D0043_y854_x2108_p128_0020.npy,vertical_flip,0.9991445541381836,100,0.23696682464454977,0.2631578947368421,0.9999999999999392
Solar Panel,GC01PS03D0043_y854_x2108_p128_0020.npy,brightness,0.9999614953994751,343,0.8127962085308057,0.8205741626794258,0.999999999999939
Solar Panel,GC01PS03D0043_y854_x2108_p128_0020.npy,contrast,0.9999874234199524,393,0.9312796208530806,0.9182242990654206,0.9999999999999389
Solar Panel,GC01PS03D0043_y930_x231_p128_0011.npy,horizontal_flip,0.9998379349708557,268,0.7549295774647887,0.8401253918495298,0.9999999999999389
Solar Panel,GC01PS03D0043_y930_x231_p128_0011.npy,vertical_flip,0.9981653690338135,0,0.0,0.0,0.0
Solar Panel,GC01PS03D0043_y930_x231_p128_0011.npy,brightness,0.9999802112579346,299,0.8422535211267606,0.9033232628398792,0.9999999999999388
Solar Panel,GC01PS03D0043_y930_x231_p128_0011.npy,contrast,0.9999932050704956,328,0.923943661971831,0.8888888888888888,0.999999999999939
Solar Panel,GC01PS03D0043_y930_x262_p128_0012.npy,horizontal_flip,0.9991787672042847,83,0.22015915119363394,0.2553846153846154,0.999999999999939
Solar Panel,GC01PS03D0043_y930_x262_p128_0012.npy,vertical_flip,0.9972474575042725,0,0.0,0.0,0.0
Solar Panel,GC01PS03D0043_y930_x262_p128_0012.npy,brightness,0.9999809265136719,305,0.8090185676392573,0.8640226628895185,0.9999999999999388
Solar Panel,GC01PS03D0043_y930_x262_p128_0012.npy,contrast,0.9999938011169434,338,0.896551724137931,0.8941798941798942,0.9999999999999389
Solar Panel,GC01PS03D0043_y962_x291_p128_0013.npy,horizontal_flip,0.9984115958213806,0,0.0,0.0,0.0
Solar Panel,GC01PS03D0043_y962_x291_p128_0013.npy,vertical_flip,0.9992902278900146,69,0.1994219653179191,0.2633587786259542,0.999999999999939
Solar Panel,GC01PS03D0043_y962_x291_p128_0013.npy,brightness,0.9999638795852661,262,0.7572254335260116,0.8562091503267973,0.999999999999939
Solar Panel,GC01PS03D0043_y962_x291_p128_0013.npy,contrast,0.9999904632568359,316,0.9132947976878613,0.8657534246575342,0.9999999999999388
Play Ground,GC01PS03D0018_y482_x340_p128_0002.npy,horizontal_flip,0.9985154867172241,2,0.004357298474945534,0.004739336492890996,0.9999999999999389
Play Ground,GC01PS03D0018_y482_x340_p128_0002.npy,vertical_flip,0.9993157386779785,118,0.2570806100217865,0.2783018867924528,0.9999999999999393
Play Ground,GC01PS03D0018_y482_x340_p128_0002.npy,brightness,0.9988495111465454,7,0.015250544662309368,0.02491103202846975,0.9999999999999388
Play Ground,GC01PS03D0018_y482_x340_p128_0002.npy,contrast,0.9999911785125732,415,0.9041394335511983,0.8867521367521367,0.9999999999999392
Play Ground,GC01PS03D0018_y560_x283_p128_0001.npy,horizontal_flip,0.9957797527313232,0,0.0,0.0,0.0
Play Ground,GC01PS03D0018_y560_x283_p128_0001.npy,vertical_flip,0.9984527826309204,19,0.038,0.03991596638655462,0.999999999999939
Play Ground,GC01PS03D0018_y560_x283_p128_0001.npy,brightness,0.998278796672821,0,0.0,0.0,0.0
Play Ground,GC01PS03D0018_y560_x283_p128_0001.npy,contrast,0.9999922513961792,461,0.922,0.922,0.999999999999939
Play Ground,GC01PS03D0018_y619_x459_p128_0004.npy,horizontal_flip,0.999057412147522,24,0.05491990846681922,0.05714285714285714,0.999999999999939
Play Ground,GC01PS03D0018_y619_x459_p128_0004.npy,vertical_flip,0.999362051486969,103,0.23569794050343248,0.21237113402061855,0.9999999999999393
Play Ground,GC01PS03D0018_y619_x459_p128_0004.npy,brightness,0.9992973804473877,47,0.10755148741418764,0.12737127371273713,0.9999999999999385
Play Ground,GC01PS03D0018_y619_x459_p128_0004.npy,contrast,0.9999932646751404,397,0.9084668192219679,0.9407582938388626,0.999999999999939
Play Ground,GC01PS03D0018_y629_x358_p128_0005.npy,horizontal_flip,0.9975982904434204,0,0.0,0.0,0.0
Play Ground,GC01PS03D0018_y629_x358_p128_0005.npy,vertical_flip,0.9975192546844482,0,0.0,0.0,0.0
Play Ground,GC01PS03D0018_y629_x358_p128_0005.npy,brightness,0.9996774196624756,236,0.5031982942430704,0.5256124721603563,0.9999999999999392
Play Ground,GC01PS03D0018_y629_x358_p128_0005.npy,contrast,0.9999822378158569,423,0.9019189765458422,0.8886554621848739,0.9999999999999392
Play Ground,GC01PS03D0018_y668_x391_p128_0000.npy,horizontal_flip,0.9996136426925659,208,0.5239294710327456,0.5,0.999999999999939
Play Ground,GC01PS03D0018_y668_x391_p128_0000.npy,vertical_flip,0.999414324760437,146,0.3677581863979849,0.3945945945945946,0.9999999999999388
Play Ground,GC01PS03D0018_y668_x391_p128_0000.npy,brightness,0.9998316764831543,252,0.6347607052896725,0.717948717948718,0.9999999999999389
Play Ground,GC01PS03D0018_y668_x391_p128_0000.npy,contrast,0.999992847442627,376,0.947103274559194,0.9330024813895782,0.9999999999999389
Play Ground,GC01PS03D0018_y849_x-5_p128_0003.npy,horizontal_flip,0.9777165651321411,0,0.0,0.0,0.0
Play Ground,GC01PS03D0018_y849_x-5_p128_0003.npy,vertical_flip,0.9996291995048523,469,0.9436619718309859,0.9493927125506073,0.9999999999999392
Play Ground,GC01PS03D0018_y849_x-5_p128_0003.npy,brightness,0.9988825917243958,339,0.682092555331992,0.678,0.9999999999999389
Play Ground,GC01PS03D0018_y849_x-5_p128_0003.npy,contrast,0.9999957084655762,490,0.9859154929577465,0.9919028340080972,0.9999999999999389
Play Ground,GC01PS03D0199_y266_x1347_p128_0008.npy,horizontal_flip,0.9965734481811523,0,0.0,0.0,0.0
Play Ground,GC01PS03D0199_y266_x1347_p128_0008.npy,vertical_flip,0.9990458488464355,95,0.22727272727272727,0.2164009111617312,0.9999999999999393
Play Ground,GC01PS03D0199_y266_x1347_p128_0008.npy,brightness,0.9997291564941406,219,0.5239234449760766,0.5214285714285715,0.9999999999999392
Play Ground,GC01PS03D0199_y266_x1347_p128_0008.npy,contrast,0.999992311000824,388,0.9282296650717703,0.9394673123486683,0.999999999999939
Play Ground,GC01PS03D0199_y335_x1353_p128_0007.npy,horizontal_flip,0.9966176748275757,0,0.0,0.0,0.0
Play Ground,GC01PS03D0199_y335_x1353_p128_0007.npy,vertical_flip,0.9975368976593018,4,0.009852216748768473,0.010126582278481013,0.9999999999999389
Play Ground,GC01PS03D0199_y335_x1353_p128_0007.npy,brightness,0.9998822212219238,291,0.7167487684729064,0.7132352941176471,0.9999999999999388
Play Ground,GC01PS03D0199_y335_x1353_p128_0007.npy,contrast,0.9999875426292419,382,0.9408866995073891,0.955,0.9999999999999389
Play Ground,GC01PS03D0199_y526_x1418_p128_0006.npy,horizontal_flip,0.9994139671325684,138,0.31797235023041476,0.2955032119914347,0.9999999999999388
Play Ground,GC01PS03D0199_y526_x1418_p128_0006.npy,vertical_flip,0.9994199275970459,210,0.4838709677419355,0.44680851063829785,0.999999999999939
Play Ground,GC01PS03D0199_y526_x1418_p128_0006.npy,brightness,0.9998813271522522,303,0.6981566820276498,0.753731343283582,0.9999999999999388
Play Ground,GC01PS03D0199_y526_x1418_p128_0006.npy,contrast,0.9999946355819702,413,0.9516129032258065,0.9429223744292238,0.9999999999999392
Play Ground,GC01PS03D0206_y302_x575_p128_0010.npy,horizontal_flip,0.9975239634513855,0,0.0,0.0,0.0
Play Ground,GC01PS03D0206_y302_x575_p128_0010.npy,vertical_flip,0.9958347082138062,0,0.0,0.0,0.0
Play Ground,GC01PS03D0206_y302_x575_p128_0010.npy,brightness,0.9997014999389648,270,0.5818965517241379,0.6136363636363636,0.9999999999999389
Play Ground,GC01PS03D0206_y302_x575_p128_0010.npy,contrast,0.9999932050704956,439,0.9461206896551724,0.9400428265524625,0.9999999999999392
Play Ground,GC01PS03D0206_y800_x565_p128_0009.npy,horizontal_flip,0.9979050159454346,0,0.0,0.0,0.0
Play Ground,GC01PS03D0206_y800_x565_p128_0009.npy,vertical_flip,0.9983360767364502,0,0.0,0.0,0.0
Play Ground,GC01PS03D0206_y800_x565_p128_0009.npy,brightness,0.9997092485427856,241,0.5127659574468085,0.5391498881431768,0.9999999999999392
Play Ground,GC01PS03D0206_y800_x565_p128_0009.npy,contrast,0.9999961853027344,447,0.951063829787234,0.951063829787234,0.9999999999999392
Play Ground,GC01PS03D0231_y1037_x2162_p128_0013.npy,horizontal_flip,0.9986313581466675,10,0.02188183807439825,0.02,0.999999999999939
Play Ground,GC01PS03D0231_y1037_x2162_p128_0013.npy,vertical_flip,0.9991530179977417,77,0.16849015317286653,0.16559139784946236,0.999999999999939
Play Ground,GC01PS03D0231_y1037_x2162_p128_0013.npy,brightness,0.9997769594192505,319,0.6980306345733042,0.6801705756929638,0.999999999999939
Play Ground,GC01PS03D0231_y1037_x2162_p128_0013.npy,contrast,0.9999972581863403,441,0.9649890590809628,0.9423076923076923,0.9999999999999392
Play Ground,GC01PS03D0231_y527_x76_p128_0016.npy,horizontal_flip,0.9986127614974976,1,0.002,0.002304147465437788,0.9999999999999389
Play Ground,GC01PS03D0231_y527_x76_p128_0016.npy,vertical_flip,0.9993075728416443,116,0.232,0.232,0.9999999999999393
Play Ground,GC01PS03D0231_y527_x76_p128_0016.npy,brightness,0.9996612071990967,111,0.222,0.23319327731092437,0.9999999999999393
Play Ground,GC01PS03D0231_y527_x76_p128_0016.npy,contrast,0.9999969005584717,462,0.924,0.924,0.9999999999999393
Play Ground,GC01PS03D0231_y582_x1956_p128_0015.npy,horizontal_flip,0.9988256692886353,6,0.012,0.012578616352201259,0.9999999999999388
Play Ground,GC01PS03D0231_y582_x1956_p128_0015.npy,vertical_flip,0.999459981918335,112,0.224,0.2413793103448276,0.999999999999939
Play Ground,GC01PS03D0231_y582_x1956_p128_0015.npy,brightness,0.9996255040168762,101,0.202,0.20997920997921,0.9999999999999393
Play Ground,GC01PS03D0231_y582_x1956_p128_0015.npy,contrast,0.9999982118606567,479,0.958,0.958,0.9999999999999393
Play Ground,GC01PS03D0231_y654_x2101_p128_0011.npy,horizontal_flip,0.9989616870880127,22,0.04564315352697095,0.04772234273318872,0.9999999999999392
Play Ground,GC01PS03D0231_y654_x2101_p128_0011.npy,vertical_flip,0.9989547729492188,61,0.12655601659751037,0.1352549889135255,0.9999999999999386
Play Ground,GC01PS03D0231_y654_x2101_p128_0011.npy,brightness,0.9998226165771484,335,0.6950207468879668,0.7158119658119658,0.9999999999999389
Play Ground,GC01PS03D0231_y654_x2101_p128_0011.npy,contrast,0.9999958276748657,459,0.9522821576763485,0.936734693877551,0.999999999999939
Play Ground,GC01PS03D0231_y745_x2285_p128_0012.npy,horizontal_flip,0.998917818069458,37,0.07489878542510121,0.074,0.9999999999999385
Play Ground,GC01PS03D0231_y745_x2285_p128_0012.npy,vertical_flip,0.9984721541404724,1,0.0020242914979757085,0.002012072434607646,0.9999999999999389
Play Ground,GC01PS03D0231_y745_x2285_p128_0012.npy,brightness,0.9996495842933655,227,0.45951417004048584,0.4690082644628099,0.9999999999999392
Play Ground,GC01PS03D0231_y745_x2285_p128_0012.npy,contrast,0.9999961256980896,477,0.9655870445344129,0.959758551307847,0.9999999999999393
Play Ground,GC01PS03D0231_y952_x1450_p128_0014.npy,horizontal_flip,0.9987301826477051,36,0.07627118644067797,0.07692307692307693,0.9999999999999386
Play Ground,GC01PS03D0231_y952_x1450_p128_0014.npy,vertical_flip,0.9983937740325928,15,0.03177966101694915,0.035629453681710214,0.9999999999999393
Play Ground,GC01PS03D0231_y952_x1450_p128_0014.npy,brightness,0.9997518658638,248,0.5254237288135594,0.5990338164251208,0.9999999999999392
Play Ground,GC01PS03D0231_y952_x1450_p128_0014.npy,contrast,0.999997615814209,458,0.9703389830508474,0.9662447257383966,0.9999999999999392
STP,GC01PS03D0025_y1297_x708_p128_0000.npy,horizontal_flip,0.9988714456558228,6,0.012269938650306749,0.012219959266802444,0.9999999999999388
STP,GC01PS03D0025_y1297_x708_p128_0000.npy,vertical_flip,0.9990677833557129,63,0.12883435582822086,0.126,0.9999999999999385
STP,GC01PS03D0025_y1297_x708_p128_0000.npy,brightness,0.9996587038040161,135,0.27607361963190186,0.2738336713995943,0.9999999999999389
STP,GC01PS03D0025_y1297_x708_p128_0000.npy,contrast,0.9999942779541016,440,0.8997955010224948,0.9053497942386831,0.999999999999939
STP,GC01PS03D0025_y1316_x751_p128_0003.npy,horizontal_flip,0.9985685348510742,0,0.0,0.0,0.0
STP,GC01PS03D0025_y1316_x751_p128_0003.npy,vertical_flip,0.999341607093811,153,0.31941544885177453,0.3227848101265823,0.9999999999999389
STP,GC01PS03D0025_y1316_x751_p128_0003.npy,brightness,0.9996823072433472,186,0.3883089770354906,0.372,0.999999999999939
STP,GC01PS03D0025_y1316_x751_p128_0003.npy,contrast,0.9999930262565613,441,0.9206680584551148,0.9055441478439425,0.9999999999999392
STP,GC01PS03D0025_y1317_x712_p128_0001.npy,horizontal_flip,0.9988222122192383,6,0.012,0.013043478260869565,0.9999999999999388
STP,GC01PS03D0025_y1317_x712_p128_0001.npy,vertical_flip,0.9990036487579346,13,0.026,0.026,0.9999999999999392
STP,GC01PS03D0025_y1317_x712_p128_0001.npy,brightness,0.999666690826416,198,0.396,0.3983903420523139,0.9999999999999392
STP,GC01PS03D0025_y1317_x712_p128_0001.npy,contrast,0.9999933838844299,462,0.924,0.924,0.9999999999999393
STP,GC01PS03D0025_y1319_x732_p128_0002.npy,horizontal_flip,0.99946129322052,223,0.448692152917505,0.451417004048583,0.9999999999999392
STP,GC01PS03D0025_y1319_x732_p128_0002.npy,vertical_flip,0.9995060563087463,184,0.3702213279678068,0.3717171717171717,0.9999999999999389
STP,GC01PS03D0025_y1319_x732_p128_0002.npy,brightness,0.9998313784599304,322,0.647887323943662,0.644,0.9999999999999389
STP,GC01PS03D0025_y1319_x732_p128_0002.npy,contrast,0.9999938011169434,475,0.9557344064386318,0.9519038076152304,0.9999999999999392
STP,GC01PS03D0025_y1342_x715_p128_0006.npy,horizontal_flip,0.9989669322967529,32,0.064,0.064,0.9999999999999389
STP,GC01PS03D0025_y1342_x715_p128_0006.npy,vertical_flip,0.9983329176902771,0,0.0,0.0,0.0
STP,GC01PS03D0025_y1342_x715_p128_0006.npy,brightness,0.9997289180755615,244,0.488,0.488,0.9999999999999392
STP,GC01PS03D0025_y1342_x715_p128_0006.npy,contrast,0.999994158744812,472,0.944,0.944,0.999999999999939
STP,GC01PS03D0025_y1344_x699_p128_0004.npy,horizontal_flip,0.998792290687561,26,0.052,0.052,0.999999999999939
STP,GC01PS03D0025_y1344_x699_p128_0004.npy,vertical_flip,0.9983311295509338,0,0.0,0.0,0.0
STP,GC01PS03D0025_y1344_x699_p128_0004.npy,brightness,0.9996594190597534,189,0.378,0.378,0.999999999999939
STP,GC01PS03D0025_y1344_x699_p128_0004.npy,contrast,0.9999945163726807,447,0.894,0.894,0.9999999999999392
STP,GC01PS03D0025_y1361_x719_p128_0005.npy,horizontal_flip,0.9990413188934326,26,0.05295315682281059,0.052,0.999999999999939
STP,GC01PS03D0025_y1361_x719_p128_0005.npy,vertical_flip,0.9965535402297974,0,0.0,0.0,0.0
STP,GC01PS03D0025_y1361_x719_p128_0005.npy,brightness,0.9998010396957397,275,0.560081466395112,0.55,0.9999999999999388
STP,GC01PS03D0025_y1361_x719_p128_0005.npy,contrast,0.9999871253967285,433,0.8818737270875764,0.8836734693877552,0.999999999999939
STP,GC01PS03D0025_y1363_x703_p128_0007.npy,horizontal_flip,0.9986018538475037,12,0.024539877300613498,0.024,0.9999999999999392
STP,GC01PS03D0025_y1363_x703_p128_0007.npy,vertical_flip,0.9966580867767334,0,0.0,0.0,0.0
STP,GC01PS03D0025_y1363_x703_p128_0007.npy,brightness,0.9998087882995605,316,0.6462167689161554,0.632,0.9999999999999388
STP,GC01PS03D0025_y1363_x703_p128_0007.npy,contrast,0.9999862909317017,437,0.8936605316973415,0.8810483870967742,0.9999999999999392
STP,GC01PS03D0025_y398_x1892_p128_0011.npy,horizontal_flip,0.9986200928688049,0,0.0,0.0,0.0
STP,GC01PS03D0025_y398_x1892_p128_0011.npy,vertical_flip,0.9994897842407227,217,0.434,0.434,0.999999999999939
STP,GC01PS03D0025_y398_x1892_p128_0011.npy,brightness,0.999792754650116,216,0.432,0.432,0.999999999999939
STP,GC01PS03D0025_y398_x1892_p128_0011.npy,contrast,0.9999880790710449,433,0.866,0.866,0.999999999999939
STP,GC01PS03D0025_y415_x1897_p128_0012.npy,horizontal_flip,0.9993534088134766,37,0.07724425887265135,0.07872340425531915,0.9999999999999385
STP,GC01PS03D0025_y415_x1897_p128_0012.npy,vertical_flip,0.9995256662368774,147,0.3068893528183716,0.30246913580246915,0.9999999999999389
STP,GC01PS03D0025_y415_x1897_p128_0012.npy,brightness,0.9998953938484192,301,0.6283924843423799,0.602,0.9999999999999388
STP,GC01PS03D0025_y415_x1897_p128_0012.npy,contrast,0.9999921321868896,436,0.9102296450939458,0.9045643153526971,0.9999999999999392
STP,GC01PS03D0025_y423_x1886_p128_0010.npy,horizontal_flip,0.9989091753959656,1,0.0020408163265306124,0.0021551724137931034,0.9999999999999389
STP,GC01PS03D0025_y423_x1886_p128_0010.npy,vertical_flip,0.9993811845779419,74,0.1510204081632653,0.15578947368421053,0.9999999999999389
STP,GC01PS03D0025_y423_x1886_p128_0010.npy,brightness,0.9999279975891113,349,0.7122448979591837,0.698,0.999999999999939
STP,GC01PS03D0025_y423_x1886_p128_0010.npy,contrast,0.9999945163726807,457,0.9326530612244898,0.9213709677419355,0.999999999999939
STP,GC01PS03D0025_y486_x1904_p128_0008.npy,horizontal_flip,0.9990959167480469,3,0.006,0.006423982869379015,0.999999999999939
STP,GC01PS03D0025_y486_x1904_p128_0008.npy,vertical_flip,0.9994814991950989,190,0.38,0.42035398230088494,0.9999999999999392
STP,GC01PS03D0025_y486_x1904_p128_0008.npy,brightness,0.9998316764831543,219,0.438,0.438,0.9999999999999392
STP,GC01PS03D0025_y486_x1904_p128_0008.npy,contrast,0.9999880790710449,426,0.852,0.852,0.9999999999999392
STP,GC01PS03D0025_y504_x1918_p128_0009.npy,horizontal_flip,0.9994505643844604,168,0.3380281690140845,0.3373493975903614,0.9999999999999389
STP,GC01PS03D0025_y504_x1918_p128_0009.npy,vertical_flip,0.9987595081329346,7,0.014084507042253521,0.014256619144602852,0.9999999999999388
STP,GC01PS03D0025_y504_x1918_p128_0009.npy,brightness,0.9998346567153931,148,0.2977867203219316,0.296,0.9999999999999389
STP,GC01PS03D0025_y504_x1918_p128_0009.npy,contrast,0.9999897480010986,427,0.8591549295774648,0.854,0.999999999999939
STP,GC01PS03D0040_y796_x696_p128_0022.npy,horizontal_flip,0.9993417263031006,169,0.4004739336492891,0.3634408602150538,0.9999999999999389
STP,GC01PS03D0040_y796_x696_p128_0022.npy,vertical_flip,0.9981113076210022,0,0.0,0.0,0.0
STP,GC01PS03D0040_y796_x696_p128_0022.npy,brightness,0.9998388886451721,297,0.7037914691943128,0.7983870967741935,0.9999999999999387
STP,GC01PS03D0040_y796_x696_p128_0022.npy,contrast,0.9999858736991882,392,0.9289099526066351,0.8808988764044944,0.999999999999939
STP,GC01PS03D0040_y806_x585_p128_0020.npy,horizontal_flip,0.9982091188430786,0,0.0,0.0,0.0
STP,GC01PS03D0040_y806_x585_p128_0020.npy,vertical_flip,0.9994744062423706,204,0.4171779141104294,0.45535714285714285,0.9999999999999392
STP,GC01PS03D0040_y806_x585_p128_0020.npy,brightness,0.9998708963394165,368,0.7525562372188139,0.8159645232815964,0.9999999999999389
STP,GC01PS03D0040_y806_x585_p128_0020.npy,contrast,0.999988317489624,454,0.9284253578732107,0.9171717171717172,0.9999999999999392
STP,GC01PS03D0040_y818_x546_p128_0018.npy,horizontal_flip,0.9972528219223022,0,0.0,0.0,0.0
STP,GC01PS03D0040_y818_x546_p128_0018.npy,vertical_flip,0.9969185590744019,1,0.002173913043478261,0.0020964360587002098,0.9999999999999389
STP,GC01PS03D0040_y818_x546_p128_0018.npy,brightness,0.9999101161956787,347,0.7543478260869565,0.8525798525798526,0.999999999999939
STP,GC01PS03D0040_y818_x546_p128_0018.npy,contrast,0.9999895691871643,421,0.9152173913043479,0.9172113289760349,0.9999999999999392
STP,GC01PS03D0040_y823_x590_p128_0021.npy,horizontal_flip,0.9973006248474121,10,0.02252252252252252,0.023696682464454975,0.999999999999939
STP,GC01PS03D0040_y823_x590_p128_0021.npy,vertical_flip,0.992214560508728,0,0.0,0.0,0.0
STP,GC01PS03D0040_y823_x590_p128_0021.npy,brightness,0.9997221827507019,290,0.6531531531531531,0.6561085972850679,0.9999999999999388
STP,GC01PS03D0040_y823_x590_p128_0021.npy,contrast,0.9999816417694092,407,0.9166666666666666,0.9146067415730337,0.9999999999999392
STP,GC01PS03D0040_y828_x571_p128_0019.npy,horizontal_flip,0.9970778226852417,9,0.020454545454545454,0.020361990950226245,0.999999999999939
STP,GC01PS03D0040_y828_x571_p128_0019.npy,vertical_flip,0.9930760264396667,0,0.0,0.0,0.0
STP,GC01PS03D0040_y828_x571_p128_0019.npy,brightness,0.9998382925987244,331,0.7522727272727273,0.7626728110599078,0.9999999999999388
STP,GC01PS03D0040_y828_x571_p128_0019.npy,contrast,0.9999873042106628,422,0.9590909090909091,0.9547511312217195,0.9999999999999392
STP,GC01PS03D0040_y837_x471_p128_0014.npy,horizontal_flip,0.9977695941925049,0,0.0,0.0,0.0
STP,GC01PS03D0040_y837_x471_p128_0014.npy,vertical_flip,0.9969285726547241,0,0.0,0.0,0.0
STP,GC01PS03D0040_y837_x471_p128_0014.npy,brightness,0.999902606010437,322,0.7630331753554502,0.7815533980582524,0.9999999999999389
STP,GC01PS03D0040_y837_x471_p128_0014.npy,contrast,0.9999902248382568,402,0.95260663507109,0.9436619718309859,0.999999999999939
STP,GC01PS03D0040_y862_x499_p128_0017.npy,horizontal_flip,0.9963833093643188,0,0.0,0.0,0.0
STP,GC01PS03D0040_y862_x499_p128_0017.npy,vertical_flip,0.9993523359298706,235,0.5064655172413793,0.5353075170842825,0.9999999999999392
STP,GC01PS03D0040_y862_x499_p128_0017.npy,brightness,0.9998760223388672,300,0.646551724137931,0.7058823529411765,0.9999999999999389
STP,GC01PS03D0040_y862_x499_p128_0017.npy,contrast,0.9999842643737793,421,0.9073275862068966,0.9014989293361885,0.9999999999999392
STP,GC01PS03D0040_y871_x467_p128_0016.npy,horizontal_flip,0.9991641044616699,41,0.11614730878186968,0.119533527696793,0.9999999999999388
STP,GC01PS03D0040_y871_x467_p128_0016.npy,vertical_flip,0.9995349049568176,155,0.43909348441926344,0.3924050632911392,0.9999999999999389
STP,GC01PS03D0040_y871_x467_p128_0016.npy,brightness,0.9999107718467712,252,0.7138810198300283,0.7346938775510204,0.9999999999999389
STP,GC01PS03D0040_y871_x467_p128_0016.npy,contrast,0.9999921321868896,330,0.9348441926345609,0.8943089430894309,0.999999999999939
STP,GC01PS03D0040_y887_x471_p128_0015.npy,horizontal_flip,0.9991212487220764,37,0.09462915601023018,0.09135802469135802,0.9999999999999385
STP,GC01PS03D0040_y887_x471_p128_0015.npy,vertical_flip,0.9993254542350769,129,0.329923273657289,0.30210772833723654,0.9999999999999387
STP,GC01PS03D0040_y887_x471_p128_0015.npy,brightness,0.9999254941940308,287,0.7340153452685422,0.7777777777777778,0.999999999999939
STP,GC01PS03D0040_y887_x471_p128_0015.npy,contrast,0.9999914169311523,366,0.9360613810741688,0.9289340101522843,0.9999999999999392
STP,GC01PS03D0040_y906_x362_p128_0013.npy,horizontal_flip,0.9987279176712036,7,0.01674641148325359,0.016317016317016316,0.9999999999999388
STP,GC01PS03D0040_y906_x362_p128_0013.npy,vertical_flip,0.9990769624710083,81,0.1937799043062201,0.18080357142857142,0.9999999999999389
STP,GC01PS03D0040_y906_x362_p128_0013.npy,brightness,0.9997449517250061,232,0.5550239234449761,0.6089238845144357,0.9999999999999392
STP,GC01PS03D0040_y906_x362_p128_0013.npy,contrast,0.9999907612800598,387,0.9258373205741627,0.9148936170212766,0.999999999999939
Sheds,GC01PS03D0001_y918_x1752_p128_0000.npy,horizontal_flip,0.9980618953704834,0,0.0,0.0,0.0
Sheds,GC01PS03D0001_y918_x1752_p128_0000.npy,vertical_flip,0.9994438290596008,177,0.3582995951417004,0.354,0.9999999999999389
Sheds,GC01PS03D0001_y918_x1752_p128_0000.npy,brightness,0.9996509552001953,249,0.5040485829959515,0.498,0.9999999999999389
Sheds,GC01PS03D0001_y918_x1752_p128_0000.npy,contrast,0.9999914169311523,460,0.9311740890688259,0.92,0.9999999999999392
Sheds,GC01PS03D0001_y927_x1757_p128_0001.npy,horizontal_flip,0.9984781742095947,0,0.0,0.0,0.0
Sheds,GC01PS03D0001_y927_x1757_p128_0001.npy,vertical_flip,0.999363899230957,113,0.23940677966101695,0.22645290581162325,0.9999999999999392
Sheds,GC01PS03D0001_y927_x1757_p128_0001.npy,brightness,0.999687671661377,240,0.5084745762711864,0.48,0.9999999999999392
Sheds,GC01PS03D0001_y927_x1757_p128_0001.npy,contrast,0.9999922513961792,444,0.940677966101695,0.921161825726141,0.999999999999939
Sheds,GC01PS03D0009_y685_x226_p128_0002.npy,horizontal_flip,0.9989311695098877,24,0.048,0.048,0.999999999999939
Sheds,GC01PS03D0009_y685_x226_p128_0002.npy,vertical_flip,0.9988468289375305,4,0.008,0.00819672131147541,0.9999999999999389
Sheds,GC01PS03D0009_y685_x226_p128_0002.npy,brightness,0.9995671510696411,161,0.322,0.3824228028503563,0.9999999999999389
Sheds,GC01PS03D0009_y685_x226_p128_0002.npy,contrast,0.9999973773956299,472,0.944,0.944,0.999999999999939
Sheds,GC01PS03D0037_y1112_x1589_p128_0008.npy,horizontal_flip,0.9928587675094604,0,0.0,0.0,0.0
Sheds,GC01PS03D0037_y1112_x1589_p128_0008.npy,vertical_flip,0.9995137453079224,335,0.6836734693877551,0.67,0.9999999999999389
Sheds,GC01PS03D0037_y1112_x1589_p128_0008.npy,brightness,0.9997598528862,341,0.6959183673469388,0.7194092827004219,0.9999999999999389
Sheds,GC01PS03D0037_y1112_x1589_p128_0008.npy,contrast,0.9999864101409912,448,0.9142857142857143,0.9124236252545825,0.999999999999939
Sheds,GC01PS03D0037_y1185_x1361_p128_0005.npy,horizontal_flip,0.9946190118789673,0,0.0,0.0,0.0
Sheds,GC01PS03D0037_y1185_x1361_p128_0005.npy,vertical_flip,0.9987283945083618,162,0.36486486486486486,0.3544857768052516,0.9999999999999389
Sheds,GC01PS03D0037_y1185_x1361_p128_0005.npy,brightness,0.999925971031189,383,0.8626126126126126,0.8645598194130926,0.9999999999999392
Sheds,GC01PS03D0037_y1185_x1361_p128_0005.npy,contrast,0.9999910593032837,430,0.9684684684684685,0.9576837416481069,0.9999999999999392
Sheds,GC01PS03D0037_y1231_x1243_p128_0003.npy,horizontal_flip,0.9982444643974304,94,0.20935412026726058,0.19461697722567287,0.9999999999999393
Sheds,GC01PS03D0037_y1231_x1243_p128_0003.npy,vertical_flip,0.9963345527648926,0,0.0,0.0,0.0
Sheds,GC01PS03D0037_y1231_x1243_p128_0003.npy,brightness,0.9998212456703186,340,0.7572383073496659,0.753880266075388,0.9999999999999389
Sheds,GC01PS03D0037_y1231_x1243_p128_0003.npy,contrast,0.9999998211860657,447,0.9955456570155902,0.9933333333333333,0.9999999999999392
Sheds,GC01PS03D0037_y1312_x1410_p128_0004.npy,horizontal_flip,0.9961436986923218,0,0.0,0.0,0.0
Sheds,GC01PS03D0037_y1312_x1410_p128_0004.npy,vertical_flip,0.9991344809532166,185,0.41855203619909503,0.4048140043763676,0.999999999999939
Sheds,GC01PS03D0037_y1312_x1410_p128_0004.npy,brightness,0.9999373555183411,368,0.832579185520362,0.8232662192393736,0.9999999999999389
Sheds,GC01PS03D0037_y1312_x1410_p128_0004.npy,contrast,0.9999926686286926,417,0.9434389140271493,0.9455782312925171,0.999999999999939
Sheds,GC01PS03D0037_y14_x338_p128_0007.npy,horizontal_flip,0.9994843006134033,406,0.812,0.812,0.999999999999939
Sheds,GC01PS03D0037_y14_x338_p128_0007.npy,vertical_flip,0.9924154877662659,0,0.0,0.0,0.0
Sheds,GC01PS03D0037_y14_x338_p128_0007.npy,brightness,0.9997699856758118,441,0.882,0.882,0.9999999999999392
Sheds,GC01PS03D0037_y14_x338_p128_0007.npy,contrast,0.9999885559082031,490,0.98,0.98,0.9999999999999389
Sheds,GC01PS03D0037_y659_x1549_p128_0006.npy,horizontal_flip,0.9952072501182556,0,0.0,0.0,0.0
Sheds,GC01PS03D0037_y659_x1549_p128_0006.npy,vertical_flip,0.9982846975326538,71,0.1437246963562753,0.15638766519823788,0.9999999999999392
Sheds,GC01PS03D0037_y659_x1549_p128_0006.npy,brightness,0.9998124837875366,387,0.7834008097165992,0.8113207547169812,0.999999999999939
Sheds,GC01PS03D0037_y659_x1549_p128_0006.npy,contrast,0.9999986290931702,487,0.9858299595141701,0.9858299595141701,0.9999999999999392
Sheds,GC01PS03D0040_y1046_x1953_p128_0012.npy,horizontal_flip,0.9988795518875122,4,0.009501187648456057,0.011049723756906077,0.9999999999999389
Sheds,GC01PS03D0040_y1046_x1953_p128_0012.npy,vertical_flip,0.998989462852478,23,0.05463182897862233,0.05707196029776675,0.9999999999999392
Sheds,GC01PS03D0040_y1046_x1953_p128_0012.npy,brightness,0.9999299049377441,283,0.672209026128266,0.7994350282485876,0.9999999999999389
Sheds,GC01PS03D0040_y1046_x1953_p128_0012.npy,contrast,0.9999879598617554,397,0.9429928741092637,0.8901345291479821,0.999999999999939
Sheds,GC01PS03D0040_y1150_x2227_p128_0010.npy,horizontal_flip,0.9960642457008362,0,0.0,0.0,0.0
Sheds,GC01PS03D0040_y1150_x2227_p128_0010.npy,vertical_flip,0.9989287853240967,126,0.3118811881188119,0.2916666666666667,0.9999999999999393
Sheds,GC01PS03D0040_y1150_x2227_p128_0010.npy,brightness,0.9998524188995361,232,0.5742574257425742,0.6153846153846154,0.9999999999999392
Sheds,GC01PS03D0040_y1150_x2227_p128_0010.npy,contrast,0.9999849796295166,358,0.8861386138613861,0.8774509803921569,0.999999999999939
Sheds,GC01PS03D0040_y1196_x2215_p128_0009.npy,horizontal_flip,0.9944417476654053,0,0.0,0.0,0.0
Sheds,GC01PS03D0040_y1196_x2215_p128_0009.npy,vertical_flip,0.9994209408760071,325,0.7540603248259861,0.7629107981220657,0.9999999999999389
Sheds,GC01PS03D0040_y1196_x2215_p128_0009.npy,brightness,0.9997257590293884,227,0.5266821345707656,0.5291375291375291,0.9999999999999392
Sheds,GC01PS03D0040_y1196_x2215_p128_0009.npy,contrast,0.9999860525131226,401,0.9303944315545244,0.9197247706422018,0.999999999999939
Sheds,GC01PS03D0040_y1417_x1770_p128_0014.npy,horizontal_flip,0.9990032315254211,152,0.34942528735632183,0.329004329004329,0.9999999999999388
Sheds,GC01PS03D0040_y1417_x1770_p128_0014.npy,vertical_flip,0.9909805059432983,0,0.0,0.0,0.0
Sheds,GC01PS03D0040_y1417_x1770_p128_0014.npy,brightness,0.9997556805610657,257,0.5908045977011495,0.6207729468599034,0.9999999999999389
Sheds,GC01PS03D0040_y1417_x1770_p128_0014.npy,contrast,0.9999851584434509,407,0.9356321839080459,0.9271070615034168,0.9999999999999392
Sheds,GC01PS03D0040_y1434_x1687_p128_0013.npy,horizontal_flip,0.9985882043838501,78,0.15885947046843177,0.17410714285714285,0.9999999999999392
Sheds,GC01PS03D0040_y1434_x1687_p128_0013.npy,vertical_flip,0.9938127994537354,0,0.0,0.0,0.0
Sheds,GC01PS03D0040_y1434_x1687_p128_0013.npy,brightness,0.9998089075088501,300,0.6109979633401222,0.6237006237006237,0.9999999999999389
Sheds,GC01PS03D0040_y1434_x1687_p128_0013.npy,contrast,0.9999902844429016,445,0.9063136456211812,0.898989898989899,0.9999999999999392
Sheds,GC01PS03D0040_y997_x1958_p128_0011.npy,horizontal_flip,0.9981354475021362,0,0.0,0.0,0.0
Sheds,GC01PS03D0040_y997_x1958_p128_0011.npy,vertical_flip,0.9990381002426147,52,0.11255411255411256,0.12149532710280374,0.9999999999999386
Sheds,GC01PS03D0040_y997_x1958_p128_0011.npy,brightness,0.9999160170555115,355,0.7683982683982684,0.8068181818181818,0.999999999999939
Sheds,GC01PS03D0040_y997_x1958_p128_0011.npy,contrast,0.9999904632568359,433,0.9372294372294372,0.9392624728850325,0.999999999999939
Sheds,GC01PS03D0050_y1027_x-16_p128_0015.npy,horizontal_flip,0.9986187815666199,29,0.058,0.06744186046511629,0.9999999999999392
Sheds,GC01PS03D0050_y1027_x-16_p128_0015.npy,vertical_flip,0.9996140003204346,277,0.554,0.5595959595959596,0.9999999999999388
Sheds,GC01PS03D0050_y1027_x-16_p128_0015.npy,brightness,0.9997842907905579,231,0.462,0.4647887323943662,0.9999999999999393
Sheds,GC01PS03D0050_y1027_x-16_p128_0015.npy,contrast,0.9999942779541016,456,0.912,0.912,0.9999999999999392
Sheds,GC01PS03D0050_y1027_x10_p128_0016.npy,horizontal_flip,0.9994276165962219,253,0.5429184549356223,0.506,0.999999999999939
Sheds,GC01PS03D0050_y1027_x10_p128_0016.npy,vertical_flip,0.9994763135910034,270,0.5793991416309013,0.5882352941176471,0.9999999999999389
Sheds,GC01PS03D0050_y1027_x10_p128_0016.npy,brightness,0.9997245073318481,241,0.5171673819742489,0.5527522935779816,0.9999999999999392
Sheds,GC01PS03D0050_y1027_x10_p128_0016.npy,contrast,0.9999972581863403,438,0.9399141630901288,0.9521739130434783,0.9999999999999392
Sheds,GC01PS03D0050_y1049_x112_p128_0017.npy,horizontal_flip,0.9981489777565002,17,0.034,0.037527593818984545,0.9999999999999389
Sheds,GC01PS03D0050_y1049_x112_p128_0017.npy,vertical_flip,0.9951352477073669,0,0.0,0.0,0.0
Sheds,GC01PS03D0050_y1049_x112_p128_0017.npy,brightness,0.9996516704559326,271,0.542,0.5765957446808511,0.9999999999999392
Sheds,GC01PS03D0050_y1049_x112_p128_0017.npy,contrast,0.9999991059303284,481,0.962,0.962,0.9999999999999392
Sheds,GC01PS03D0050_y1106_x52_p128_0018.npy,horizontal_flip,0.9990020990371704,129,0.28794642857142855,0.2841409691629956,0.9999999999999387
Sheds,GC01PS03D0050_y1106_x52_p128_0018.npy,vertical_flip,0.9982926845550537,117,0.2611607142857143,0.2392638036809816,0.9999999999999393
Sheds,GC01PS03D0050_y1106_x52_p128_0018.npy,brightness,0.9998269081115723,337,0.7522321428571429,0.7929411764705883,0.9999999999999389
Sheds,GC01PS03D0050_y1106_x52_p128_0018.npy,contrast,0.9999998807907104,445,0.9933035714285714,0.9933035714285714,0.9999999999999392
Sheds,GC01PS03D0050_y1163_x114_p128_0019.npy,horizontal_flip,0.9929438829421997,0,0.0,0.0,0.0
Sheds,GC01PS03D0050_y1163_x114_p128_0019.npy,vertical_flip,0.9946189522743225,0,0.0,0.0,0.0
Sheds,GC01PS03D0050_y1163_x114_p128_0019.npy,brightness,0.9998638033866882,367,0.8475750577367206,0.8696682464454977,0.9999999999999389
Sheds,GC01PS03D0050_y1163_x114_p128_0019.npy,contrast,1.0,431,0.9953810623556582,0.9953810623556582,0.999999999999939
Sheds,GC01PS03D0050_y1220_x222_p128_0020.npy,horizontal_flip,0.9995633959770203,107,0.2482598607888631,0.24768518518518517,0.9999999999999392
Sheds,GC01PS03D0050_y1220_x222_p128_0020.npy,vertical_flip,0.9993417263031006,122,0.28306264501160094,0.244,0.9999999999999392
Sheds,GC01PS03D0050_y1220_x222_p128_0020.npy,brightness,0.9996004104614258,134,0.3109048723897912,0.268,0.9999999999999389
Sheds,GC01PS03D0050_y1220_x222_p128_0020.npy,contrast,0.9999792575836182,351,0.814385150812065,0.78,0.9999999999999392
Sheds,GC01PS03D0050_y1278_x232_p128_0021.npy,horizontal_flip,0.9985718131065369,20,0.04,0.04,0.999999999999939
Sheds,GC01PS03D0050_y1278_x232_p128_0021.npy,vertical_flip,0.9986270666122437,25,0.05,0.05,0.999999999999939
Sheds,GC01PS03D0050_y1278_x232_p128_0021.npy,brightness,0.9998106360435486,291,0.582,0.6126315789473684,0.9999999999999388
Sheds,GC01PS03D0050_y1278_x232_p128_0021.npy,contrast,0.9999995231628418,483,0.966,0.966,0.9999999999999392
Sheds,GC01PS03D0050_y1314_x268_p128_0022.npy,horizontal_flip,0.9983711242675781,21,0.042,0.04242424242424243,0.999999999999939
Sheds,GC01PS03D0050_y1314_x268_p128_0022.npy,vertical_flip,0.9989191889762878,113,0.226,0.25565610859728505,0.9999999999999392
Sheds,GC01PS03D0050_y1314_x268_p128_0022.npy,brightness,0.999841570854187,343,0.686,0.686,0.999999999999939
Sheds,GC01PS03D0050_y1314_x268_p128_0022.npy,contrast,0.9999997615814209,495,0.99,0.99,0.9999999999999392
Sheds,GC01PS03D0050_y1362_x407_p128_0028.npy,horizontal_flip,0.9985629320144653,22,0.04435483870967742,0.057291666666666664,0.9999999999999392
Sheds,GC01PS03D0050_y1362_x407_p128_0028.npy,vertical_flip,0.9983319044113159,2,0.004032258064516129,0.004098360655737705,0.9999999999999389
Sheds,GC01PS03D0050_y1362_x407_p128_0028.npy,brightness,0.999852180480957,288,0.5806451612903226,0.6167023554603854,0.9999999999999388
Sheds,GC01PS03D0050_y1362_x407_p128_0028.npy,contrast,0.9999992847442627,485,0.9778225806451613,0.9817813765182186,0.9999999999999392
Sheds,GC01PS03D0050_y1380_x262_p128_0030.npy,horizontal_flip,0.9985949993133545,92,0.184,0.184,0.9999999999999392
Sheds,GC01PS03D0050_y1380_x262_p128_0030.npy,vertical_flip,0.9985711574554443,39,0.078,0.078,0.9999999999999384
Sheds,GC01PS03D0050_y1380_x262_p128_0030.npy,brightness,0.9998073577880859,282,0.564,0.564,0.9999999999999387
Sheds,GC01PS03D0050_y1380_x262_p128_0030.npy,contrast,0.9999992847442627,487,0.974,0.974,0.9999999999999392
Sheds,GC01PS03D0050_y1402_x422_p128_0023.npy,horizontal_flip,0.9989579916000366,82,0.164,0.164,0.999999999999939
Sheds,GC01PS03D0050_y1402_x422_p128_0023.npy,vertical_flip,0.999125063419342,78,0.156,0.156,0.9999999999999392
Sheds,GC01PS03D0050_y1402_x422_p128_0023.npy,brightness,0.999834418296814,297,0.594,0.6305732484076433,0.9999999999999387
Sheds,GC01PS03D0050_y1402_x422_p128_0023.npy,contrast,0.9999958872795105,469,0.938,0.938,0.9999999999999392
Sheds,GC01PS03D0050_y1402_x567_p128_0027.npy,horizontal_flip,0.9986544251441956,0,0.0,0.0,0.0
Sheds,GC01PS03D0050_y1402_x567_p128_0027.npy,vertical_flip,0.998711109161377,19,0.03822937625754527,0.038,0.999999999999939
Sheds,GC01PS03D0050_y1402_x567_p128_0027.npy,brightness,0.9995786547660828,171,0.3440643863179074,0.342,0.999999999999939
Sheds,GC01PS03D0050_y1402_x567_p128_0027.npy,contrast,0.9999842643737793,439,0.8832997987927566,0.878,0.9999999999999392
Sheds,GC01PS03D0050_y1428_x421_p128_0025.npy,horizontal_flip,0.9992841482162476,109,0.218,0.218,0.9999999999999393
Sheds,GC01PS03D0050_y1428_x421_p128_0025.npy,vertical_flip,0.999065101146698,35,0.07,0.07128309572301425,0.9999999999999387
Sheds,GC01PS03D0050_y1428_x421_p128_0025.npy,brightness,0.9998415112495422,246,0.492,0.492,0.9999999999999393
Sheds,GC01PS03D0050_y1428_x421_p128_0025.npy,contrast,0.9999885559082031,424,0.848,0.848,0.9999999999999392
Sheds,GC01PS03D0050_y1440_x296_p128_0026.npy,horizontal_flip,0.9992346167564392,92,0.184,0.184,0.9999999999999392
Sheds,GC01PS03D0050_y1440_x296_p128_0026.npy,vertical_flip,0.9991098642349243,70,0.14,0.14,0.999999999999939
Sheds,GC01PS03D0050_y1440_x296_p128_0026.npy,brightness,0.9998266100883484,272,0.544,0.544,0.9999999999999387
Sheds,GC01PS03D0050_y1440_x296_p128_0026.npy,contrast,0.9999992251396179,481,0.962,0.962,0.9999999999999392
Sheds,GC01PS03D0050_y1445_x507_p128_0024.npy,horizontal_flip,0.9992167949676514,143,0.286,0.286,0.9999999999999389
Sheds,GC01PS03D0050_y1445_x507_p128_0024.npy,vertical_flip,0.9991176128387451,38,0.076,0.076,0.9999999999999385
Sheds,GC01PS03D0050_y1445_x507_p128_0024.npy,brightness,0.9997811317443848,219,0.438,0.438,0.9999999999999392
Sheds,GC01PS03D0050_y1445_x507_p128_0024.npy,contrast,0.9999946355819702,461,0.922,0.922,0.999999999999939
Sheds,GC01PS03D0050_y799_x894_p128_0029.npy,horizontal_flip,0.998481035232544,26,0.052,0.05220883534136546,0.999999999999939
Sheds,GC01PS03D0050_y799_x894_p128_0029.npy,vertical_flip,0.9988848567008972,84,0.168,0.168,0.999999999999939
Sheds,GC01PS03D0050_y799_x894_p128_0029.npy,brightness,0.9996955394744873,221,0.442,0.4722222222222222,0.9999999999999392
Sheds,GC01PS03D0050_y799_x894_p128_0029.npy,contrast,0.9999735951423645,424,0.848,0.848,0.9999999999999392
Sheds,GC01PS03D0126_y-136687_x151155_p128_0040.npy,horizontal_flip,0.9849621057510376,0,0.0,0.0,0.0
Sheds,GC01PS03D0126_y-136687_x151155_p128_0040.npy,vertical_flip,0.9994736313819885,378,0.8289473684210527,0.8381374722838137,0.9999999999999389
Sheds,GC01PS03D0126_y-136687_x151155_p128_0040.npy,brightness,0.9990439414978027,331,0.7258771929824561,0.7574370709382151,0.9999999999999388
Sheds,GC01PS03D0126_y-136687_x151155_p128_0040.npy,contrast,0.9999490976333618,427,0.9364035087719298,0.9446902654867256,0.999999999999939
Sheds,GC01PS03D0126_y-136692_x150944_p128_0042.npy,horizontal_flip,0.9849621057510376,0,0.0,0.0,0.0
Sheds,GC01PS03D0126_y-136692_x150944_p128_0042.npy,vertical_flip,0.9994736313819885,378,0.8289473684210527,0.8381374722838137,0.9999999999999389
Sheds,GC01PS03D0126_y-136692_x150944_p128_0042.npy,brightness,0.9990439414978027,331,0.7258771929824561,0.7574370709382151,0.9999999999999388
Sheds,GC01PS03D0126_y-136692_x150944_p128_0042.npy,contrast,0.9999490976333618,427,0.9364035087719298,0.9446902654867256,0.999999999999939
Sheds,GC01PS03D0126_y-136704_x151069_p128_0041.npy,horizontal_flip,0.9849621057510376,0,0.0,0.0,0.0
Sheds,GC01PS03D0126_y-136704_x151069_p128_0041.npy,vertical_flip,0.9994736313819885,378,0.8289473684210527,0.8381374722838137,0.9999999999999389
Sheds,GC01PS03D0126_y-136704_x151069_p128_0041.npy,brightness,0.9990439414978027,331,0.7258771929824561,0.7574370709382151,0.9999999999999388
Sheds,GC01PS03D0126_y-136704_x151069_p128_0041.npy,contrast,0.9999490976333618,427,0.9364035087719298,0.9446902654867256,0.999999999999939
Sheds,GC01PS03D0126_y-136730_x151070_p128_0039.npy,horizontal_flip,0.9849621057510376,0,0.0,0.0,0.0
Sheds,GC01PS03D0126_y-136730_x151070_p128_0039.npy,vertical_flip,0.9994736313819885,378,0.8289473684210527,0.8381374722838137,0.9999999999999389
Sheds,GC01PS03D0126_y-136730_x151070_p128_0039.npy,brightness,0.9990439414978027,331,0.7258771929824561,0.7574370709382151,0.9999999999999388
Sheds,GC01PS03D0126_y-136730_x151070_p128_0039.npy,contrast,0.9999490976333618,427,0.9364035087719298,0.9446902654867256,0.999999999999939
Sheds,GC01PS03D0126_y-136730_x151215_p128_0043.npy,horizontal_flip,0.9849621057510376,0,0.0,0.0,0.0
Sheds,GC01PS03D0126_y-136730_x151215_p128_0043.npy,vertical_flip,0.9994736313819885,378,0.8289473684210527,0.8381374722838137,0.9999999999999389
Sheds,GC01PS03D0126_y-136730_x151215_p128_0043.npy,brightness,0.9990439414978027,331,0.7258771929824561,0.7574370709382151,0.9999999999999388
Sheds,GC01PS03D0126_y-136730_x151215_p128_0043.npy,contrast,0.9999490976333618,427,0.9364035087719298,0.9446902654867256,0.999999999999939
Sheds,GC01PS03D0126_y-136752_x150910_p128_0046.npy,horizontal_flip,0.9849621057510376,0,0.0,0.0,0.0
Sheds,GC01PS03D0126_y-136752_x150910_p128_0046.npy,vertical_flip,0.9994736313819885,378,0.8289473684210527,0.8381374722838137,0.9999999999999389
Sheds,GC01PS03D0126_y-136752_x150910_p128_0046.npy,brightness,0.9990439414978027,331,0.7258771929824561,0.7574370709382151,0.9999999999999388
Sheds,GC01PS03D0126_y-136752_x150910_p128_0046.npy,contrast,0.9999490976333618,427,0.9364035087719298,0.9446902654867256,0.999999999999939
Sheds,GC01PS03D0126_y-136770_x151055_p128_0044.npy,horizontal_flip,0.9849621057510376,0,0.0,0.0,0.0
Sheds,GC01PS03D0126_y-136770_x151055_p128_0044.npy,vertical_flip,0.9994736313819885,378,0.8289473684210527,0.8381374722838137,0.9999999999999389
Sheds,GC01PS03D0126_y-136770_x151055_p128_0044.npy,brightness,0.9990439414978027,331,0.7258771929824561,0.7574370709382151,0.9999999999999388
Sheds,GC01PS03D0126_y-136770_x151055_p128_0044.npy,contrast,0.9999490976333618,427,0.9364035087719298,0.9446902654867256,0.999999999999939
Sheds,GC01PS03D0126_y-136818_x150916_p128_0038.npy,horizontal_flip,0.9849621057510376,0,0.0,0.0,0.0
Sheds,GC01PS03D0126_y-136818_x150916_p128_0038.npy,vertical_flip,0.9994736313819885,378,0.8289473684210527,0.8381374722838137,0.9999999999999389
Sheds,GC01PS03D0126_y-136818_x150916_p128_0038.npy,brightness,0.9990439414978027,331,0.7258771929824561,0.7574370709382151,0.9999999999999388
Sheds,GC01PS03D0126_y-136818_x150916_p128_0038.npy,contrast,0.9999490976333618,427,0.9364035087719298,0.9446902654867256,0.999999999999939
Sheds,GC01PS03D0126_y-136854_x150880_p128_0037.npy,horizontal_flip,0.9849621057510376,0,0.0,0.0,0.0
Sheds,GC01PS03D0126_y-136854_x150880_p128_0037.npy,vertical_flip,0.9994736313819885,378,0.8289473684210527,0.8381374722838137,0.9999999999999389
Sheds,GC01PS03D0126_y-136854_x150880_p128_0037.npy,brightness,0.9990439414978027,331,0.7258771929824561,0.7574370709382151,0.9999999999999388
Sheds,GC01PS03D0126_y-136854_x150880_p128_0037.npy,contrast,0.9999490976333618,427,0.9364035087719298,0.9446902654867256,0.999999999999939
Sheds,GC01PS03D0126_y-136912_x150870_p128_0036.npy,horizontal_flip,0.9849621057510376,0,0.0,0.0,0.0
Sheds,GC01PS03D0126_y-136912_x150870_p128_0036.npy,vertical_flip,0.9994736313819885,378,0.8289473684210527,0.8381374722838137,0.9999999999999389
Sheds,GC01PS03D0126_y-136912_x150870_p128_0036.npy,brightness,0.9990439414978027,331,0.7258771929824561,0.7574370709382151,0.9999999999999388
Sheds,GC01PS03D0126_y-136912_x150870_p128_0036.npy,contrast,0.9999490976333618,427,0.9364035087719298,0.9446902654867256,0.999999999999939
Sheds,GC01PS03D0126_y-136969_x150762_p128_0035.npy,horizontal_flip,0.9849621057510376,0,0.0,0.0,0.0
Sheds,GC01PS03D0126_y-136969_x150762_p128_0035.npy,vertical_flip,0.9994736313819885,378,0.8289473684210527,0.8381374722838137,0.9999999999999389
Sheds,GC01PS03D0126_y-136969_x150762_p128_0035.npy,brightness,0.9990439414978027,331,0.7258771929824561,0.7574370709382151,0.9999999999999388
Sheds,GC01PS03D0126_y-136969_x150762_p128_0035.npy,contrast,0.9999490976333618,427,0.9364035087719298,0.9446902654867256,0.999999999999939
Sheds,GC01PS03D0126_y-137026_x150700_p128_0034.npy,horizontal_flip,0.9849621057510376,0,0.0,0.0,0.0
Sheds,GC01PS03D0126_y-137026_x150700_p128_0034.npy,vertical_flip,0.9994736313819885,378,0.8289473684210527,0.8381374722838137,0.9999999999999389
Sheds,GC01PS03D0126_y-137026_x150700_p128_0034.npy,brightness,0.9990439414978027,331,0.7258771929824561,0.7574370709382151,0.9999999999999388
Sheds,GC01PS03D0126_y-137026_x150700_p128_0034.npy,contrast,0.9999490976333618,427,0.9364035087719298,0.9446902654867256,0.999999999999939
Sheds,GC01PS03D0126_y-137083_x150760_p128_0033.npy,horizontal_flip,0.9849621057510376,0,0.0,0.0,0.0
Sheds,GC01PS03D0126_y-137083_x150760_p128_0033.npy,vertical_flip,0.9994736313819885,378,0.8289473684210527,0.8381374722838137,0.9999999999999389
Sheds,GC01PS03D0126_y-137083_x150760_p128_0033.npy,brightness,0.9990439414978027,331,0.7258771929824561,0.7574370709382151,0.9999999999999388
Sheds,GC01PS03D0126_y-137083_x150760_p128_0033.npy,contrast,0.9999490976333618,427,0.9364035087719298,0.9446902654867256,0.999999999999939
Sheds,GC01PS03D0126_y-137105_x150632_p128_0031.npy,horizontal_flip,0.9849621057510376,0,0.0,0.0,0.0
Sheds,GC01PS03D0126_y-137105_x150632_p128_0031.npy,vertical_flip,0.9994736313819885,378,0.8289473684210527,0.8381374722838137,0.9999999999999389
Sheds,GC01PS03D0126_y-137105_x150632_p128_0031.npy,brightness,0.9990439414978027,331,0.7258771929824561,0.7574370709382151,0.9999999999999388
Sheds,GC01PS03D0126_y-137105_x150632_p128_0031.npy,contrast,0.9999490976333618,427,0.9364035087719298,0.9446902654867256,0.999999999999939
Sheds,GC01PS03D0126_y-137105_x150658_p128_0032.npy,horizontal_flip,0.9849621057510376,0,0.0,0.0,0.0
Sheds,GC01PS03D0126_y-137105_x150658_p128_0032.npy,vertical_flip,0.9994736313819885,378,0.8289473684210527,0.8381374722838137,0.9999999999999389
Sheds,GC01PS03D0126_y-137105_x150658_p128_0032.npy,brightness,0.9990439414978027,331,0.7258771929824561,0.7574370709382151,0.9999999999999388
Sheds,GC01PS03D0126_y-137105_x150658_p128_0032.npy,contrast,0.9999490976333618,427,0.9364035087719298,0.9446902654867256,0.999999999999939
Sheds,GC01PS03D0126_y-137333_x151542_p128_0045.npy,horizontal_flip,0.9849621057510376,0,0.0,0.0,0.0
Sheds,GC01PS03D0126_y-137333_x151542_p128_0045.npy,vertical_flip,0.9994736313819885,378,0.8289473684210527,0.8381374722838137,0.9999999999999389
Sheds,GC01PS03D0126_y-137333_x151542_p128_0045.npy,brightness,0.9990439414978027,331,0.7258771929824561,0.7574370709382151,0.9999999999999388
Sheds,GC01PS03D0126_y-137333_x151542_p128_0045.npy,contrast,0.9999490976333618,427,0.9364035087719298,0.9446902654867256,0.999999999999939
Sheds,GC01PS03D0126_y1037_x240_p128_0060.npy,horizontal_flip,0.9989091157913208,157,0.3584474885844749,0.36342592592592593,0.9999999999999389
Sheds,GC01PS03D0126_y1037_x240_p128_0060.npy,vertical_flip,0.9993098378181458,306,0.6986301369863014,0.700228832951945,0.9999999999999389
Sheds,GC01PS03D0126_y1037_x240_p128_0060.npy,brightness,0.9998365640640259,355,0.8105022831050228,0.8616504854368932,0.999999999999939
Sheds,GC01PS03D0126_y1037_x240_p128_0060.npy,contrast,0.9999948740005493,429,0.9794520547945206,0.975,0.999999999999939
Sheds,GC01PS03D0126_y1085_x735_p128_0062.npy,horizontal_flip,0.9877390265464783,0,0.0,0.0,0.0
Sheds,GC01PS03D0126_y1085_x735_p128_0062.npy,vertical_flip,0.9901506900787354,0,0.0,0.0,0.0
Sheds,GC01PS03D0126_y1085_x735_p128_0062.npy,brightness,0.9999147653579712,444,0.9446808510638298,0.9507494646680942,0.999999999999939
Sheds,GC01PS03D0126_y1085_x735_p128_0062.npy,contrast,0.9999967813491821,466,0.9914893617021276,0.9893842887473461,0.9999999999999392
Sheds,GC01PS03D0126_y272_x1526_p128_0059.npy,horizontal_flip,0.9989719390869141,241,0.5906862745098039,0.5751789976133651,0.9999999999999392
Sheds,GC01PS03D0126_y272_x1526_p128_0059.npy,vertical_flip,0.9959603548049927,0,0.0,0.0,0.0
Sheds,GC01PS03D0126_y272_x1526_p128_0059.npy,brightness,0.9999659061431885,369,0.9044117647058824,0.9389312977099237,0.999999999999939
Sheds,GC01PS03D0126_y272_x1526_p128_0059.npy,contrast,0.9999899864196777,397,0.9730392156862745,0.9754299754299754,0.999999999999939
Sheds,GC01PS03D0126_y294_x1325_p128_0061.npy,horizontal_flip,0.9966733455657959,18,0.04205607476635514,0.041189931350114416,0.999999999999939
Sheds,GC01PS03D0126_y294_x1325_p128_0061.npy,vertical_flip,0.9988964796066284,274,0.6401869158878505,0.6227272727272727,0.9999999999999388
Sheds,GC01PS03D0126_y294_x1325_p128_0061.npy,brightness,0.9999663233757019,411,0.9602803738317757,0.9809069212410502,0.9999999999999392
Sheds,GC01PS03D0126_y294_x1325_p128_0061.npy,contrast,0.9999925494194031,418,0.9766355140186916,0.9675925925925926,0.999999999999939
Sheds,GC01PS03D0126_y428_x1029_p128_0055.npy,horizontal_flip,0.9984924793243408,219,0.5214285714285715,0.5081206496519721,0.9999999999999392
Sheds,GC01PS03D0126_y428_x1029_p128_0055.npy,vertical_flip,0.9901137948036194,0,0.0,0.0,0.0
Sheds,GC01PS03D0126_y428_x1029_p128_0055.npy,brightness,0.9998199939727783,365,0.8690476190476191,0.8902439024390244,0.9999999999999389
Sheds,GC01PS03D0126_y428_x1029_p128_0055.npy,contrast,0.9999855756759644,406,0.9666666666666667,0.973621103117506,0.999999999999939
Sheds,GC01PS03D0126_y506_x958_p128_0056.npy,horizontal_flip,0.9973171353340149,0,0.0,0.0,0.0
Sheds,GC01PS03D0126_y506_x958_p128_0056.npy,vertical_flip,0.9992884397506714,174,0.5471698113207547,0.45077720207253885,0.999999999999939
Sheds,GC01PS03D0126_y506_x958_p128_0056.npy,brightness,0.9999637007713318,254,0.7987421383647799,0.8466666666666667,0.999999999999939
Sheds,GC01PS03D0126_y506_x958_p128_0056.npy,contrast,0.9999910593032837,297,0.9339622641509434,0.9195046439628483,0.9999999999999387
Sheds,GC01PS03D0126_y523_x1442_p128_0057.npy,horizontal_flip,0.9978287816047668,216,0.5023255813953489,0.5204819277108433,0.999999999999939
Sheds,GC01PS03D0126_y523_x1442_p128_0057.npy,vertical_flip,0.9913095235824585,0,0.0,0.0,0.0
Sheds,GC01PS03D0126_y523_x1442_p128_0057.npy,brightness,0.9999567270278931,416,0.9674418604651163,0.9696969696969697,0.999999999999939
Sheds,GC01PS03D0126_y523_x1442_p128_0057.npy,contrast,0.9999881386756897,427,0.9930232558139535,0.9907192575406032,0.999999999999939
Sheds,GC01PS03D0126_y540_x529_p128_0048.npy,horizontal_flip,0.9882757663726807,3,0.006880733944954129,0.007194244604316547,0.999999999999939
Sheds,GC01PS03D0126_y540_x529_p128_0048.npy,vertical_flip,0.9928737878799438,46,0.10550458715596331,0.10952380952380952,0.9999999999999385
Sheds,GC01PS03D0126_y540_x529_p128_0048.npy,brightness,0.9998254776000977,401,0.9197247706422018,0.9197247706422018,0.999999999999939
Sheds,GC01PS03D0126_y540_x529_p128_0048.npy,contrast,0.9999769926071167,422,0.9678899082568807,0.9768518518518519,0.9999999999999392
Sheds,GC01PS03D0126_y541_x79_p128_0047.npy,horizontal_flip,0.9989840984344482,232,0.5201793721973094,0.5345622119815668,0.9999999999999392
Sheds,GC01PS03D0126_y541_x79_p128_0047.npy,vertical_flip,0.9992415904998779,334,0.7488789237668162,0.7488789237668162,0.999999999999939
Sheds,GC01PS03D0126_y541_x79_p128_0047.npy,brightness,0.9998258948326111,407,0.9125560538116592,0.920814479638009,0.9999999999999392
Sheds,GC01PS03D0126_y541_x79_p128_0047.npy,contrast,0.9999934434890747,440,0.9865470852017937,0.9865470852017937,0.999999999999939
Sheds,GC01PS03D0126_y560_x823_p128_0053.npy,horizontal_flip,0.9978536367416382,133,0.3136792452830189,0.31516587677725116,0.9999999999999389
Sheds,GC01PS03D0126_y560_x823_p128_0053.npy,vertical_flip,0.9967658519744873,53,0.125,0.12325581395348838,0.9999999999999386
Sheds,GC01PS03D0126_y560_x823_p128_0053.npy,brightness,0.999923586845398,388,0.9150943396226415,0.9238095238095239,0.999999999999939
Sheds,GC01PS03D0126_y560_x823_p128_0053.npy,contrast,0.9999872446060181,412,0.9716981132075472,0.9626168224299065,0.999999999999939
Sheds,GC01PS03D0126_y573_x1511_p128_0058.npy,horizontal_flip,0.9848698377609253,0,0.0,0.0,0.0
Sheds,GC01PS03D0126_y573_x1511_p128_0058.npy,vertical_flip,0.9984591007232666,218,0.4988558352402746,0.46881720430107526,0.9999999999999392
Sheds,GC01PS03D0126_y573_x1511_p128_0058.npy,brightness,0.9999852180480957,417,0.954233409610984,0.9697674418604652,0.999999999999939
Sheds,GC01PS03D0126_y573_x1511_p128_0058.npy,contrast,0.9999943971633911,430,0.9839816933638444,0.9728506787330317,0.9999999999999392
Sheds,GC01PS03D0126_y578_x1102_p128_0054.npy,horizontal_flip,0.9825817942619324,0,0.0,0.0,0.0
Sheds,GC01PS03D0126_y578_x1102_p128_0054.npy,vertical_flip,0.9963066577911377,67,0.15056179775280898,0.1419491525423729,0.9999999999999389
Sheds,GC01PS03D0126_y578_x1102_p128_0054.npy,brightness,0.999858021736145,396,0.8898876404494382,0.9103448275862069,0.9999999999999392
Sheds,GC01PS03D0126_y578_x1102_p128_0054.npy,contrast,0.9999779462814331,432,0.9707865168539326,0.9621380846325167,0.999999999999939
Sheds,GC01PS03D0126_y619_x580_p128_0049.npy,horizontal_flip,0.9998228549957275,305,0.8448753462603878,0.7881136950904393,0.9999999999999388
Sheds,GC01PS03D0126_y619_x580_p128_0049.npy,vertical_flip,0.9952796697616577,0,0.0,0.0,0.0
Sheds,GC01PS03D0126_y619_x580_p128_0049.npy,brightness,0.999981701374054,318,0.8808864265927978,0.9298245614035088,0.9999999999999388
Sheds,GC01PS03D0126_y619_x580_p128_0049.npy,contrast,0.9999911189079285,346,0.9584487534626038,0.9202127659574468,0.9999999999999389
Sheds,GC01PS03D0126_y736_x590_p128_0050.npy,horizontal_flip,0.9990020394325256,270,0.6094808126410836,0.6428571428571429,0.9999999999999389
Sheds,GC01PS03D0126_y736_x590_p128_0050.npy,vertical_flip,0.9990261793136597,322,0.7268623024830699,0.7235955056179775,0.9999999999999389
Sheds,GC01PS03D0126_y736_x590_p128_0050.npy,brightness,0.9999146461486816,405,0.9142212189616253,0.9101123595505618,0.999999999999939
Sheds,GC01PS03D0126_y736_x590_p128_0050.npy,contrast,0.999994158744812,432,0.9751693002257337,0.972972972972973,0.999999999999939
Sheds,GC01PS03D0126_y864_x732_p128_0052.npy,horizontal_flip,0.9928157329559326,0,0.0,0.0,0.0
Sheds,GC01PS03D0126_y864_x732_p128_0052.npy,vertical_flip,0.9943863153457642,1,0.002352941176470588,0.0022026431718061676,0.9999999999999389
Sheds,GC01PS03D0126_y864_x732_p128_0052.npy,brightness,0.9999688267707825,394,0.9270588235294117,0.9493975903614458,0.9999999999999392
Sheds,GC01PS03D0126_y864_x732_p128_0052.npy,contrast,0.9999865293502808,410,0.9647058823529412,0.9669811320754716,0.999999999999939
Sheds,GC01PS03D0126_y950_x722_p128_0051.npy,horizontal_flip,0.9924312829971313,0,0.0,0.0,0.0
Sheds,GC01PS03D0126_y950_x722_p128_0051.npy,vertical_flip,0.995005190372467,0,0.0,0.0,0.0
Sheds,GC01PS03D0126_y950_x722_p128_0051.npy,brightness,0.9999493956565857,409,0.8776824034334764,0.8930131004366813,0.9999999999999392
Sheds,GC01PS03D0126_y950_x722_p128_0051.npy,contrast,0.9999802708625793,437,0.9377682403433476,0.9278131634819533,0.9999999999999392
Sheds,GC01PS03D0199_y1108_x63_p128_0070.npy,horizontal_flip,0.9994330406188965,209,0.418,0.4336099585062241,0.999999999999939
Sheds,GC01PS03D0199_y1108_x63_p128_0070.npy,vertical_flip,0.9983185529708862,0,0.0,0.0,0.0
Sheds,GC01PS03D0199_y1108_x63_p128_0070.npy,brightness,0.999563992023468,129,0.258,0.258,0.9999999999999387
Sheds,GC01PS03D0199_y1108_x63_p128_0070.npy,contrast,0.9999971985816956,471,0.942,0.942,0.9999999999999392
Sheds,GC01PS03D0199_y1411_x1543_p128_0074.npy,horizontal_flip,0.9995414018630981,230,0.46,0.46558704453441296,0.9999999999999392
Sheds,GC01PS03D0199_y1411_x1543_p128_0074.npy,vertical_flip,0.9992682933807373,71,0.142,0.1463917525773196,0.9999999999999392
Sheds,GC01PS03D0199_y1411_x1543_p128_0074.npy,brightness,0.9995638132095337,97,0.194,0.194,0.999999999999939
Sheds,GC01PS03D0199_y1411_x1543_p128_0074.npy,contrast,0.9999936819076538,458,0.916,0.916,0.9999999999999392
Sheds,GC01PS03D0199_y1562_x1229_p128_0073.npy,horizontal_flip,0.999265193939209,40,0.08016032064128256,0.08281573498964803,0.9999999999999389
Sheds,GC01PS03D0199_y1562_x1229_p128_0073.npy,vertical_flip,0.9992239475250244,93,0.18637274549098196,0.186,0.9999999999999392
Sheds,GC01PS03D0199_y1562_x1229_p128_0073.npy,brightness,0.9990159869194031,16,0.03206412825651302,0.032,0.9999999999999389
Sheds,GC01PS03D0199_y1562_x1229_p128_0073.npy,contrast,0.9999922513961792,420,0.8416833667334669,0.8416833667334669,0.999999999999939
Sheds,GC01PS03D0199_y1565_x1084_p128_0072.npy,horizontal_flip,0.9987710118293762,1,0.002,0.002,0.9999999999999389
Sheds,GC01PS03D0199_y1565_x1084_p128_0072.npy,vertical_flip,0.99908447265625,81,0.162,0.1656441717791411,0.9999999999999389
Sheds,GC01PS03D0199_y1565_x1084_p128_0072.npy,brightness,0.9992390275001526,19,0.038,0.04008438818565401,0.999999999999939
Sheds,GC01PS03D0199_y1565_x1084_p128_0072.npy,contrast,0.9999961853027344,462,0.924,0.924,0.9999999999999393
Sheds,GC01PS03D0199_y1591_x1815_p128_0075.npy,horizontal_flip,0.9980206489562988,0,0.0,0.0,0.0
Sheds,GC01PS03D0199_y1591_x1815_p128_0075.npy,vertical_flip,0.9982066750526428,1,0.002,0.002004008016032064,0.9999999999999389
Sheds,GC01PS03D0199_y1591_x1815_p128_0075.npy,brightness,0.9995059967041016,162,0.324,0.324,0.9999999999999389
Sheds,GC01PS03D0199_y1591_x1815_p128_0075.npy,contrast,0.9999921321868896,466,0.932,0.932,0.9999999999999392
Sheds,GC01PS03D0199_y1593_x463_p128_0071.npy,horizontal_flip,0.9997737407684326,190,0.4481132075471698,0.45346062052505964,0.9999999999999392
Sheds,GC01PS03D0199_y1593_x463_p128_0071.npy,vertical_flip,0.9995906949043274,102,0.24056603773584906,0.23776223776223776,0.9999999999999393
Sheds,GC01PS03D0199_y1593_x463_p128_0071.npy,brightness,0.9999828934669495,369,0.8702830188679245,0.8913043478260869,0.999999999999939
Sheds,GC01PS03D0199_y1593_x463_p128_0071.npy,contrast,0.9999970197677612,398,0.9386792452830188,0.9476190476190476,0.9999999999999392
Sheds,GC01PS03D0199_y164_x949_p128_0068.npy,horizontal_flip,0.9997950792312622,226,0.5552825552825553,0.5243619489559165,0.9999999999999392
Sheds,GC01PS03D0199_y164_x949_p128_0068.npy,vertical_flip,0.9997872114181519,275,0.6756756756756757,0.6723716381418093,0.9999999999999388
Sheds,GC01PS03D0199_y164_x949_p128_0068.npy,brightness,0.9999547600746155,329,0.8083538083538083,0.7668997668997669,0.9999999999999388
Sheds,GC01PS03D0199_y164_x949_p128_0068.npy,contrast,0.9999967813491821,386,0.9484029484029484,0.9414634146341463,0.999999999999939
Sheds,GC01PS03D0199_y265_x1390_p128_0063.npy,horizontal_flip,0.996756911277771,0,0.0,0.0,0.0
Sheds,GC01PS03D0199_y265_x1390_p128_0063.npy,vertical_flip,0.9985754489898682,57,0.12555066079295155,0.12050739957716702,0.9999999999999388
Sheds,GC01PS03D0199_y265_x1390_p128_0063.npy,brightness,0.9996182918548584,266,0.5859030837004405,0.6114942528735632,0.9999999999999389
Sheds,GC01PS03D0199_y265_x1390_p128_0063.npy,contrast,0.9999993443489075,445,0.9801762114537445,0.9845132743362832,0.9999999999999392
Sheds,GC01PS03D0199_y405_x1338_p128_0064.npy,horizontal_flip,0.9944294095039368,0,0.0,0.0,0.0
Sheds,GC01PS03D0199_y405_x1338_p128_0064.npy,vertical_flip,0.9984546899795532,174,0.4027777777777778,0.3901345291479821,0.999999999999939
Sheds,GC01PS03D0199_y405_x1338_p128_0064.npy,brightness,0.9998703598976135,363,0.8402777777777778,0.8768115942028986,0.9999999999999389
Sheds,GC01PS03D0199_y405_x1338_p128_0064.npy,contrast,0.9999943971633911,418,0.9675925925925926,0.9653579676674365,0.999999999999939
Sheds,GC01PS03D0199_y448_x1724_p128_0077.npy,horizontal_flip,0.9991381764411926,109,0.218,0.2374727668845316,0.9999999999999393
Sheds,GC01PS03D0199_y448_x1724_p128_0077.npy,vertical_flip,0.9996625185012817,274,0.548,0.548,0.9999999999999388
Sheds,GC01PS03D0199_y448_x1724_p128_0077.npy,brightness,0.9995042085647583,108,0.216,0.24434389140271492,0.9999999999999392
Sheds,GC01PS03D0199_y448_x1724_p128_0077.npy,contrast,0.9999991655349731,486,0.972,0.972,0.9999999999999392
Sheds,GC01PS03D0199_y478_x1737_p128_0076.npy,horizontal_flip,0.9984680414199829,104,0.21666666666666667,0.2379862700228833,0.999999999999939
Sheds,GC01PS03D0199_y478_x1737_p128_0076.npy,vertical_flip,0.9968323707580566,0,0.0,0.0,0.0
Sheds,GC01PS03D0199_y478_x1737_p128_0076.npy,brightness,0.9993631839752197,117,0.24375,0.27923627684964203,0.9999999999999393
Sheds,GC01PS03D0199_y478_x1737_p128_0076.npy,contrast,0.9999999403953552,478,0.9958333333333333,0.9958333333333333,0.9999999999999392
Sheds,GC01PS03D0199_y632_x1138_p128_0065.npy,horizontal_flip,0.9989498853683472,2,0.004228329809725159,0.004301075268817204,0.9999999999999389
Sheds,GC01PS03D0199_y632_x1138_p128_0065.npy,vertical_flip,0.9991621971130371,50,0.10570824524312897,0.1,0.9999999999999387
Sheds,GC01PS03D0199_y632_x1138_p128_0065.npy,brightness,0.9996790289878845,175,0.3699788583509514,0.35,0.999999999999939
Sheds,GC01PS03D0199_y632_x1138_p128_0065.npy,contrast,0.9999924898147583,434,0.9175475687103594,0.9079497907949791,0.999999999999939
Sheds,GC01PS03D0199_y728_x1432_p128_0067.npy,horizontal_flip,0.9990847110748291,22,0.04480651731160896,0.044,0.9999999999999392
Sheds,GC01PS03D0199_y728_x1432_p128_0067.npy,vertical_flip,0.9991753697395325,42,0.0855397148676171,0.084,0.9999999999999387
Sheds,GC01PS03D0199_y728_x1432_p128_0067.npy,brightness,0.9995492696762085,123,0.2505091649694501,0.2469879518072289,0.9999999999999393
Sheds,GC01PS03D0199_y728_x1432_p128_0067.npy,contrast,0.9999976754188538,466,0.9490835030549898,0.9549180327868853,0.9999999999999392
Sheds,GC01PS03D0199_y802_x1310_p128_0066.npy,horizontal_flip,0.9994664192199707,155,0.33405172413793105,0.33261802575107297,0.9999999999999389
Sheds,GC01PS03D0199_y802_x1310_p128_0066.npy,vertical_flip,0.9993771314620972,149,0.32112068965517243,0.298,0.9999999999999389
Sheds,GC01PS03D0199_y802_x1310_p128_0066.npy,brightness,0.9994429349899292,34,0.07327586206896551,0.068,0.9999999999999387
Sheds,GC01PS03D0199_y802_x1310_p128_0066.npy,contrast,0.9999969601631165,431,0.9288793103448276,0.924892703862661,0.999999999999939
Sheds,GC01PS03D0199_y948_x124_p128_0069.npy,horizontal_flip,0.999280571937561,76,0.152,0.15447154471544716,0.999999999999939
Sheds,GC01PS03D0199_y948_x124_p128_0069.npy,vertical_flip,0.9995025396347046,170,0.34,0.3476482617586912,0.9999999999999389
Sheds,GC01PS03D0199_y948_x124_p128_0069.npy,brightness,0.9997528791427612,273,0.546,0.546,0.9999999999999388
Sheds,GC01PS03D0199_y948_x124_p128_0069.npy,contrast,0.9999983906745911,480,0.96,0.9619238476953907,0.9999999999999392
Sheds,GC01PS03D0206_y1009_x733_p128_0080.npy,horizontal_flip,0.9990255832672119,97,0.2012448132780083,0.194,0.999999999999939
Sheds,GC01PS03D0206_y1009_x733_p128_0080.npy,vertical_flip,0.9980518817901611,0,0.0,0.0,0.0
Sheds,GC01PS03D0206_y1009_x733_p128_0080.npy,brightness,0.9997516870498657,196,0.4066390041493776,0.4083333333333333,0.999999999999939
Sheds,GC01PS03D0206_y1009_x733_p128_0080.npy,contrast,0.9999945759773254,456,0.946058091286307,0.9402061855670103,0.9999999999999392
Sheds,GC01PS03D0206_y420_x780_p128_0082.npy,horizontal_flip,0.9989215731620789,227,0.5391923990498813,0.5147392290249433,0.9999999999999392
Sheds,GC01PS03D0206_y420_x780_p128_0082.npy,vertical_flip,0.9967097043991089,0,0.0,0.0,0.0
Sheds,GC01PS03D0206_y420_x780_p128_0082.npy,brightness,0.9999454617500305,366,0.8693586698337292,0.8840579710144928,0.9999999999999392
Sheds,GC01PS03D0206_y420_x780_p128_0082.npy,contrast,0.9999921321868896,412,0.9786223277909739,0.9626168224299065,0.999999999999939
Sheds,GC01PS03D0206_y442_x782_p128_0081.npy,horizontal_flip,0.9992313385009766,248,0.6063569682151589,0.5598194130925508,0.9999999999999392
Sheds,GC01PS03D0206_y442_x782_p128_0081.npy,vertical_flip,0.9990469217300415,197,0.48166259168704156,0.43013100436681223,0.9999999999999392
Sheds,GC01PS03D0206_y442_x782_p128_0081.npy,brightness,0.9999665021896362,360,0.8801955990220048,0.906801007556675,0.999999999999939
Sheds,GC01PS03D0206_y442_x782_p128_0081.npy,contrast,0.999992847442627,380,0.9290953545232273,0.9245742092457421,0.9999999999999389
Sheds,GC01PS03D0206_y761_x748_p128_0078.npy,horizontal_flip,0.9991611242294312,227,0.5366430260047281,0.5206422018348624,0.9999999999999392
Sheds,GC01PS03D0206_y761_x748_p128_0078.npy,vertical_flip,0.9990355968475342,294,0.6950354609929078,0.6758620689655173,0.9999999999999389
Sheds,GC01PS03D0206_y761_x748_p128_0078.npy,brightness,0.9998908042907715,350,0.8274231678486997,0.8353221957040573,0.9999999999999389
Sheds,GC01PS03D0206_y761_x748_p128_0078.npy,contrast,0.9999922513961792,407,0.9621749408983451,0.9509345794392523,0.9999999999999392
Sheds,GC01PS03D0206_y841_x1694_p128_0083.npy,horizontal_flip,0.9985342025756836,33,0.066,0.07142857142857142,0.9999999999999388
Sheds,GC01PS03D0206_y841_x1694_p128_0083.npy,vertical_flip,0.998546838760376,18,0.036,0.036,0.999999999999939
Sheds,GC01PS03D0206_y841_x1694_p128_0083.npy,brightness,0.9998394250869751,288,0.576,0.5841784989858012,0.9999999999999388
Sheds,GC01PS03D0206_y841_x1694_p128_0083.npy,contrast,0.9999988675117493,488,0.976,0.976,0.9999999999999392
Sheds,GC01PS03D0206_y859_x1709_p128_0084.npy,horizontal_flip,0.9982014894485474,9,0.018,0.018108651911468814,0.999999999999939
Sheds,GC01PS03D0206_y859_x1709_p128_0084.npy,vertical_flip,0.9982125163078308,11,0.022,0.022774327122153208,0.9999999999999392
Sheds,GC01PS03D0206_y859_x1709_p128_0084.npy,brightness,0.999614417552948,184,0.368,0.3873684210526316,0.9999999999999389
Sheds,GC01PS03D0206_y859_x1709_p128_0084.npy,contrast,0.9999980330467224,480,0.96,0.96,0.9999999999999392
Sheds,GC01PS03D0206_y953_x748_p128_0079.npy,horizontal_flip,0.9991403818130493,24,0.048484848484848485,0.04897959183673469,0.999999999999939
Sheds,GC01PS03D0206_y953_x748_p128_0079.npy,vertical_flip,0.9992773532867432,112,0.22626262626262628,0.22672064777327935,0.999999999999939
Sheds,GC01PS03D0206_y953_x748_p128_0079.npy,brightness,0.9997252821922302,156,0.3151515151515151,0.3413566739606127,0.9999999999999389
Sheds,GC01PS03D0206_y953_x748_p128_0079.npy,contrast,0.9999947547912598,457,0.9232323232323232,0.9232323232323232,0.999999999999939
Sheds,GC01PS03D0231_y594_x707_p128_0086.npy,horizontal_flip,0.9988464713096619,12,0.024640657084188913,0.025052192066805846,0.9999999999999392
Sheds,GC01PS03D0231_y594_x707_p128_0086.npy,vertical_flip,0.9983558654785156,0,0.0,0.0,0.0
Sheds,GC01PS03D0231_y594_x707_p128_0086.npy,brightness,0.9996040463447571,124,0.2546201232032854,0.25,0.9999999999999393
Sheds,GC01PS03D0231_y594_x707_p128_0086.npy,contrast,0.9999973773956299,470,0.9650924024640657,0.9611451942740287,0.9999999999999392
Sheds,GC01PS03D0231_y887_x2143_p128_0085.npy,horizontal_flip,0.997978925704956,0,0.0,0.0,0.0
Sheds,GC01PS03D0231_y887_x2143_p128_0085.npy,vertical_flip,0.9990705251693726,78,0.15725806451612903,0.156,0.9999999999999392
Sheds,GC01PS03D0231_y887_x2143_p128_0085.npy,brightness,0.9998205900192261,325,0.655241935483871,0.6929637526652452,0.9999999999999389
Sheds,GC01PS03D0231_y887_x2143_p128_0085.npy,contrast,0.9999968409538269,477,0.9616935483870968,0.9616935483870968,0.9999999999999393
Pond-1,GC01PS03D0016_y-4_x950_p128_0002.npy,horizontal_flip,0.999373733997345,446,0.892,0.892,0.999999999999939
Pond-1,GC01PS03D0016_y-4_x950_p128_0002.npy,vertical_flip,0.9860872030258179,0,0.0,0.0,0.0
Pond-1,GC01PS03D0016_y-4_x950_p128_0002.npy,brightness,0.9998450875282288,466,0.932,0.932,0.9999999999999392
Pond-1,GC01PS03D0016_y-4_x950_p128_0002.npy,contrast,0.9999790191650391,489,0.978,0.978,0.999999999999939
Pond-1,GC01PS03D0016_y1179_x1007_p128_0006.npy,horizontal_flip,0.9994431734085083,166,0.332,0.332,0.999999999999939
Pond-1,GC01PS03D0016_y1179_x1007_p128_0006.npy,vertical_flip,0.9995637536048889,190,0.38,0.3917525773195876,0.9999999999999392
Pond-1,GC01PS03D0016_y1179_x1007_p128_0006.npy,brightness,0.9998905658721924,306,0.612,0.6144578313253012,0.9999999999999389
Pond-1,GC01PS03D0016_y1179_x1007_p128_0006.npy,contrast,0.9999935626983643,446,0.892,0.892,0.999999999999939
Pond-1,GC01PS03D0016_y1192_x491_p128_0007.npy,horizontal_flip,0.9988642930984497,72,0.144,0.14845360824742268,0.9999999999999388
Pond-1,GC01PS03D0016_y1192_x491_p128_0007.npy,vertical_flip,0.9976950287818909,0,0.0,0.0,0.0
Pond-1,GC01PS03D0016_y1192_x491_p128_0007.npy,brightness,0.998818039894104,2,0.004,0.00423728813559322,0.9999999999999389
Pond-1,GC01PS03D0016_y1192_x491_p128_0007.npy,contrast,0.9999932646751404,455,0.91,0.91,0.9999999999999392
Pond-1,GC01PS03D0016_y1365_x689_p128_0008.npy,horizontal_flip,0.999614953994751,166,0.332,0.3367139959432049,0.999999999999939
Pond-1,GC01PS03D0016_y1365_x689_p128_0008.npy,vertical_flip,0.9994142055511475,144,0.288,0.288,0.9999999999999388
Pond-1,GC01PS03D0016_y1365_x689_p128_0008.npy,brightness,0.9992803931236267,16,0.032,0.03463203463203463,0.9999999999999389
Pond-1,GC01PS03D0016_y1365_x689_p128_0008.npy,contrast,0.9999939203262329,460,0.92,0.92,0.9999999999999392
Pond-1,GC01PS03D0016_y1369_x985_p128_0009.npy,horizontal_flip,0.9972108602523804,0,0.0,0.0,0.0
Pond-1,GC01PS03D0016_y1369_x985_p128_0009.npy,vertical_flip,0.9990655779838562,150,0.3,0.3,0.9999999999999389
Pond-1,GC01PS03D0016_y1369_x985_p128_0009.npy,brightness,0.9996414184570312,261,0.522,0.522,0.999999999999939
Pond-1,GC01PS03D0016_y1369_x985_p128_0009.npy,contrast,0.9999907612800598,452,0.904,0.904,0.9999999999999392
Pond-1,GC01PS03D0016_y171_x746_p128_0001.npy,horizontal_flip,0.998842716217041,0,0.0,0.0,0.0
Pond-1,GC01PS03D0016_y171_x746_p128_0001.npy,vertical_flip,0.9996461868286133,212,0.5340050377833753,0.46593406593406594,0.9999999999999392
Pond-1,GC01PS03D0016_y171_x746_p128_0001.npy,brightness,0.9998849034309387,261,0.6574307304785895,0.5348360655737705,0.999999999999939
Pond-1,GC01PS03D0016_y171_x746_p128_0001.npy,contrast,0.9999952912330627,366,0.9219143576826196,0.8776978417266187,0.9999999999999392
Pond-1,GC01PS03D0016_y274_x469_p128_0000.npy,horizontal_flip,0.9996358156204224,277,0.5893617021276596,0.632420091324201,0.9999999999999388
Pond-1,GC01PS03D0016_y274_x469_p128_0000.npy,vertical_flip,0.9979543685913086,0,0.0,0.0,0.0
Pond-1,GC01PS03D0016_y274_x469_p128_0000.npy,brightness,0.9998375177383423,319,0.6787234042553192,0.6659707724425887,0.999999999999939
Pond-1,GC01PS03D0016_y274_x469_p128_0000.npy,contrast,0.99998939037323,436,0.9276595744680851,0.9256900212314225,0.9999999999999392
Pond-1,GC01PS03D0016_y42_x885_p128_0010.npy,horizontal_flip,0.9977649450302124,0,0.0,0.0,0.0
Pond-1,GC01PS03D0016_y42_x885_p128_0010.npy,vertical_flip,0.99821937084198,1,0.002,0.002150537634408602,0.9999999999999389
Pond-1,GC01PS03D0016_y42_x885_p128_0010.npy,brightness,0.9996371269226074,164,0.328,0.328,0.999999999999939
Pond-1,GC01PS03D0016_y42_x885_p128_0010.npy,contrast,0.9999914169311523,447,0.894,0.894,0.9999999999999392
Pond-1,GC01PS03D0016_y516_x710_p128_0003.npy,horizontal_flip,0.998694121837616,0,0.0,0.0,0.0
Pond-1,GC01PS03D0016_y516_x710_p128_0003.npy,vertical_flip,0.9997475147247314,270,0.5578512396694215,0.5465587044534413,0.9999999999999389
Pond-1,GC01PS03D0016_y516_x710_p128_0003.npy,brightness,0.9998999834060669,284,0.5867768595041323,0.568,0.9999999999999387
Pond-1,GC01PS03D0016_y516_x710_p128_0003.npy,contrast,0.9999927282333374,425,0.878099173553719,0.8744855967078189,0.999999999999939
Pond-1,GC01PS03D0016_y607_x797_p128_0004.npy,horizontal_flip,0.9990938901901245,20,0.04,0.04,0.999999999999939
Pond-1,GC01PS03D0016_y607_x797_p128_0004.npy,vertical_flip,0.9996920228004456,249,0.498,0.498,0.9999999999999389
Pond-1,GC01PS03D0016_y607_x797_p128_0004.npy,brightness,0.9998735785484314,335,0.67,0.67,0.9999999999999389
Pond-1,GC01PS03D0016_y607_x797_p128_0004.npy,contrast,0.9999935626983643,457,0.914,0.914,0.999999999999939
Pond-1,GC01PS03D0016_y793_x570_p128_0011.npy,horizontal_flip,0.9980928897857666,0,0.0,0.0,0.0
Pond-1,GC01PS03D0016_y793_x570_p128_0011.npy,vertical_flip,0.9995014667510986,145,0.29,0.3236607142857143,0.9999999999999388
Pond-1,GC01PS03D0016_y793_x570_p128_0011.npy,brightness,0.9999082684516907,348,0.696,0.696,0.9999999999999389
Pond-1,GC01PS03D0016_y793_x570_p128_0011.npy,contrast,0.9999899864196777,443,0.886,0.886,0.9999999999999392
Pond-1,GC01PS03D0016_y957_x992_p128_0005.npy,horizontal_flip,0.9982969760894775,1,0.002,0.0020161290322580645,0.9999999999999389
Pond-1,GC01PS03D0016_y957_x992_p128_0005.npy,vertical_flip,0.9984111785888672,51,0.102,0.102,0.9999999999999387
Pond-1,GC01PS03D0016_y957_x992_p128_0005.npy,brightness,0.999321460723877,112,0.224,0.224,0.999999999999939
Pond-1,GC01PS03D0016_y957_x992_p128_0005.npy,contrast,0.9999878406524658,460,0.92,0.92,0.9999999999999392
Pond-1,GC01PS03D0043_y229401_x12240_p128_0014.npy,horizontal_flip,0.9963643550872803,0,0.0,0.0,0.0
Pond-1,GC01PS03D0043_y229401_x12240_p128_0014.npy,vertical_flip,0.9995615482330322,207,0.5348837209302325,0.5362694300518135,0.9999999999999392
Pond-1,GC01PS03D0043_y229401_x12240_p128_0014.npy,brightness,0.9997944235801697,129,0.3333333333333333,0.4161290322580645,0.9999999999999387
Pond-1,GC01PS03D0043_y229401_x12240_p128_0014.npy,contrast,0.9999951124191284,358,0.9250645994832042,0.9179487179487179,0.999999999999939
Pond-1,GC01PS03D0043_y229447_x12175_p128_0022.npy,horizontal_flip,0.9963643550872803,0,0.0,0.0,0.0
Pond-1,GC01PS03D0043_y229447_x12175_p128_0022.npy,vertical_flip,0.9995615482330322,207,0.5348837209302325,0.5362694300518135,0.9999999999999392
Pond-1,GC01PS03D0043_y229447_x12175_p128_0022.npy,brightness,0.9997944235801697,129,0.3333333333333333,0.4161290322580645,0.9999999999999387
Pond-1,GC01PS03D0043_y229447_x12175_p128_0022.npy,contrast,0.9999951124191284,358,0.9250645994832042,0.9179487179487179,0.999999999999939
Pond-1,GC01PS03D0043_y229576_x12036_p128_0013.npy,horizontal_flip,0.9963643550872803,0,0.0,0.0,0.0
Pond-1,GC01PS03D0043_y229576_x12036_p128_0013.npy,vertical_flip,0.9995615482330322,207,0.5348837209302325,0.5362694300518135,0.9999999999999392
Pond-1,GC01PS03D0043_y229576_x12036_p128_0013.npy,brightness,0.9997944235801697,129,0.3333333333333333,0.4161290322580645,0.9999999999999387
Pond-1,GC01PS03D0043_y229576_x12036_p128_0013.npy,contrast,0.9999951124191284,358,0.9250645994832042,0.9179487179487179,0.999999999999939
Pond-1,GC01PS03D0043_y229679_x11759_p128_0012.npy,horizontal_flip,0.9963643550872803,0,0.0,0.0,0.0
Pond-1,GC01PS03D0043_y229679_x11759_p128_0012.npy,vertical_flip,0.9995615482330322,207,0.5348837209302325,0.5362694300518135,0.9999999999999392
Pond-1,GC01PS03D0043_y229679_x11759_p128_0012.npy,brightness,0.9997944235801697,129,0.3333333333333333,0.4161290322580645,0.9999999999999387
Pond-1,GC01PS03D0043_y229679_x11759_p128_0012.npy,contrast,0.9999951124191284,358,0.9250645994832042,0.9179487179487179,0.999999999999939
Pond-1,GC01PS03D0043_y229921_x12000_p128_0015.npy,horizontal_flip,0.9963643550872803,0,0.0,0.0,0.0
Pond-1,GC01PS03D0043_y229921_x12000_p128_0015.npy,vertical_flip,0.9995615482330322,207,0.5348837209302325,0.5362694300518135,0.9999999999999392
Pond-1,GC01PS03D0043_y229921_x12000_p128_0015.npy,brightness,0.9997944235801697,129,0.3333333333333333,0.4161290322580645,0.9999999999999387
Pond-1,GC01PS03D0043_y229921_x12000_p128_0015.npy,contrast,0.9999951124191284,358,0.9250645994832042,0.9179487179487179,0.999999999999939
Pond-1,GC01PS03D0043_y230012_x12087_p128_0016.npy,horizontal_flip,0.9963643550872803,0,0.0,0.0,0.0
Pond-1,GC01PS03D0043_y230012_x12087_p128_0016.npy,vertical_flip,0.9995615482330322,207,0.5348837209302325,0.5362694300518135,0.9999999999999392
Pond-1,GC01PS03D0043_y230012_x12087_p128_0016.npy,brightness,0.9997944235801697,129,0.3333333333333333,0.4161290322580645,0.9999999999999387
Pond-1,GC01PS03D0043_y230012_x12087_p128_0016.npy,contrast,0.9999951124191284,358,0.9250645994832042,0.9179487179487179,0.999999999999939
Pond-1,GC01PS03D0043_y230198_x11860_p128_0023.npy,horizontal_flip,0.9963643550872803,0,0.0,0.0,0.0
Pond-1,GC01PS03D0043_y230198_x11860_p128_0023.npy,vertical_flip,0.9995615482330322,207,0.5348837209302325,0.5362694300518135,0.9999999999999392
Pond-1,GC01PS03D0043_y230198_x11860_p128_0023.npy,brightness,0.9997944235801697,129,0.3333333333333333,0.4161290322580645,0.9999999999999387
Pond-1,GC01PS03D0043_y230198_x11860_p128_0023.npy,contrast,0.9999951124191284,358,0.9250645994832042,0.9179487179487179,0.999999999999939
Pond-1,GC01PS03D0043_y230362_x12282_p128_0017.npy,horizontal_flip,0.9963643550872803,0,0.0,0.0,0.0
Pond-1,GC01PS03D0043_y230362_x12282_p128_0017.npy,vertical_flip,0.9995615482330322,207,0.5348837209302325,0.5362694300518135,0.9999999999999392
Pond-1,GC01PS03D0043_y230362_x12282_p128_0017.npy,brightness,0.9997944235801697,129,0.3333333333333333,0.4161290322580645,0.9999999999999387
Pond-1,GC01PS03D0043_y230362_x12282_p128_0017.npy,contrast,0.9999951124191284,358,0.9250645994832042,0.9179487179487179,0.999999999999939
Pond-1,GC01PS03D0043_y230584_x12297_p128_0018.npy,horizontal_flip,0.9963643550872803,0,0.0,0.0,0.0
Pond-1,GC01PS03D0043_y230584_x12297_p128_0018.npy,vertical_flip,0.9995615482330322,207,0.5348837209302325,0.5362694300518135,0.9999999999999392
Pond-1,GC01PS03D0043_y230584_x12297_p128_0018.npy,brightness,0.9997944235801697,129,0.3333333333333333,0.4161290322580645,0.9999999999999387
Pond-1,GC01PS03D0043_y230584_x12297_p128_0018.npy,contrast,0.9999951124191284,358,0.9250645994832042,0.9179487179487179,0.999999999999939
Pond-1,GC01PS03D0043_y230597_x11781_p128_0019.npy,horizontal_flip,0.9963643550872803,0,0.0,0.0,0.0
Pond-1,GC01PS03D0043_y230597_x11781_p128_0019.npy,vertical_flip,0.9995615482330322,207,0.5348837209302325,0.5362694300518135,0.9999999999999392
Pond-1,GC01PS03D0043_y230597_x11781_p128_0019.npy,brightness,0.9997944235801697,129,0.3333333333333333,0.4161290322580645,0.9999999999999387
Pond-1,GC01PS03D0043_y230597_x11781_p128_0019.npy,contrast,0.9999951124191284,358,0.9250645994832042,0.9179487179487179,0.999999999999939
Pond-1,GC01PS03D0043_y230770_x11979_p128_0020.npy,horizontal_flip,0.9963643550872803,0,0.0,0.0,0.0
Pond-1,GC01PS03D0043_y230770_x11979_p128_0020.npy,vertical_flip,0.9995615482330322,207,0.5348837209302325,0.5362694300518135,0.9999999999999392
Pond-1,GC01PS03D0043_y230770_x11979_p128_0020.npy,brightness,0.9997944235801697,129,0.3333333333333333,0.4161290322580645,0.9999999999999387
Pond-1,GC01PS03D0043_y230770_x11979_p128_0020.npy,contrast,0.9999951124191284,358,0.9250645994832042,0.9179487179487179,0.999999999999939
Pond-1,GC01PS03D0043_y230774_x12275_p128_0021.npy,horizontal_flip,0.9963643550872803,0,0.0,0.0,0.0
Pond-1,GC01PS03D0043_y230774_x12275_p128_0021.npy,vertical_flip,0.9995615482330322,207,0.5348837209302325,0.5362694300518135,0.9999999999999392
Pond-1,GC01PS03D0043_y230774_x12275_p128_0021.npy,brightness,0.9997944235801697,129,0.3333333333333333,0.4161290322580645,0.9999999999999387
Pond-1,GC01PS03D0043_y230774_x12275_p128_0021.npy,contrast,0.9999951124191284,358,0.9250645994832042,0.9179487179487179,0.999999999999939
Pond-2,GC01PS03D0016_y-16_x213_p128_0006.npy,horizontal_flip,0.9998482465744019,452,0.904,0.904,0.9999999999999392
Pond-2,GC01PS03D0016_y-16_x213_p128_0006.npy,vertical_flip,0.9958372712135315,0,0.0,0.0,0.0
Pond-2,GC01PS03D0016_y-16_x213_p128_0006.npy,brightness,0.9996818900108337,284,0.568,0.568,0.9999999999999387
Pond-2,GC01PS03D0016_y-16_x213_p128_0006.npy,contrast,0.9999728202819824,431,0.862,0.862,0.999999999999939
Pond-2,GC01PS03D0016_y108_x110_p128_0002.npy,horizontal_flip,0.9991194605827332,62,0.13025210084033614,0.13304721030042918,0.9999999999999386
Pond-2,GC01PS03D0016_y108_x110_p128_0002.npy,vertical_flip,0.9991668462753296,41,0.0861344537815126,0.08216432865731463,0.9999999999999388
Pond-2,GC01PS03D0016_y108_x110_p128_0002.npy,brightness,0.9998289942741394,293,0.615546218487395,0.5955284552845529,0.9999999999999389
Pond-2,GC01PS03D0016_y108_x110_p128_0002.npy,contrast,0.9999905824661255,434,0.9117647058823529,0.909853249475891,0.999999999999939
Pond-2,GC01PS03D0016_y1141_x809_p128_0010.npy,horizontal_flip,0.9992767572402954,8,0.017130620985010708,0.016736401673640166,0.9999999999999389
Pond-2,GC01PS03D0016_y1141_x809_p128_0010.npy,vertical_flip,0.9995050430297852,141,0.3019271948608137,0.2968421052631579,0.9999999999999389
Pond-2,GC01PS03D0016_y1141_x809_p128_0010.npy,brightness,0.9998642206192017,237,0.5074946466809421,0.5231788079470199,0.9999999999999392
Pond-2,GC01PS03D0016_y1141_x809_p128_0010.npy,contrast,0.9999952912330627,404,0.8650963597430407,0.8706896551724138,0.999999999999939
Pond-2,GC01PS03D0016_y1263_x826_p128_0011.npy,horizontal_flip,0.9994568824768066,32,0.07256235827664399,0.07158836689038031,0.9999999999999389
Pond-2,GC01PS03D0016_y1263_x826_p128_0011.npy,vertical_flip,0.9997040033340454,202,0.4580498866213152,0.43254817987152033,0.999999999999939
Pond-2,GC01PS03D0016_y1263_x826_p128_0011.npy,brightness,0.9999186396598816,331,0.7505668934240363,0.7306843267108167,0.9999999999999388
Pond-2,GC01PS03D0016_y1263_x826_p128_0011.npy,contrast,0.9999955892562866,418,0.9478458049886621,0.9435665914221218,0.999999999999939
Pond-2,GC01PS03D0016_y17_x87_p128_0007.npy,horizontal_flip,0.9991147518157959,1,0.002074688796680498,0.002386634844868735,0.9999999999999389
Pond-2,GC01PS03D0016_y17_x87_p128_0007.npy,vertical_flip,0.9997624158859253,258,0.5352697095435685,0.5608695652173913,0.9999999999999389
Pond-2,GC01PS03D0016_y17_x87_p128_0007.npy,brightness,0.9999669790267944,363,0.7531120331950207,0.7546777546777547,0.9999999999999389
Pond-2,GC01PS03D0016_y17_x87_p128_0007.npy,contrast,0.9999968409538269,445,0.9232365145228216,0.9232365145228216,0.9999999999999392
Pond-2,GC01PS03D0016_y234_x288_p128_0000.npy,horizontal_flip,0.9997757077217102,132,0.3848396501457726,0.375,0.9999999999999388
Pond-2,GC01PS03D0016_y234_x288_p128_0000.npy,vertical_flip,0.9993233680725098,29,0.08454810495626822,0.07631578947368421,0.9999999999999392
Pond-2,GC01PS03D0016_y234_x288_p128_0000.npy,brightness,0.9999778866767883,250,0.7288629737609329,0.6868131868131868,0.9999999999999389
Pond-2,GC01PS03D0016_y234_x288_p128_0000.npy,contrast,0.9999980330467224,325,0.9475218658892128,0.9232954545454546,0.9999999999999389
Pond-2,GC01PS03D0016_y285_x916_p128_0005.npy,horizontal_flip,0.9994670748710632,82,0.18594104308390022,0.19477434679334918,0.999999999999939
Pond-2,GC01PS03D0016_y285_x916_p128_0005.npy,vertical_flip,0.9995342493057251,93,0.2108843537414966,0.21040723981900453,0.9999999999999392
Pond-2,GC01PS03D0016_y285_x916_p128_0005.npy,brightness,0.9999333024024963,289,0.655328798185941,0.6465324384787472,0.9999999999999388
Pond-2,GC01PS03D0016_y285_x916_p128_0005.npy,contrast,0.9999967217445374,415,0.9410430839002267,0.9325842696629213,0.9999999999999392
Pond-2,GC01PS03D0016_y393_x287_p128_0004.npy,horizontal_flip,0.999391496181488,55,0.15942028985507245,0.14285714285714285,0.9999999999999385
Pond-2,GC01PS03D0016_y393_x287_p128_0004.npy,vertical_flip,0.9992616176605225,11,0.03188405797101449,0.028205128205128206,0.9999999999999392
Pond-2,GC01PS03D0016_y393_x287_p128_0004.npy,brightness,0.9999571442604065,248,0.7188405797101449,0.6578249336870027,0.9999999999999392
Pond-2,GC01PS03D0016_y393_x287_p128_0004.npy,contrast,0.9999966621398926,321,0.9304347826086956,0.889196675900277,0.9999999999999389
Pond-2,GC01PS03D0016_y439_x206_p128_0003.npy,horizontal_flip,0.9996185302734375,111,0.3008130081300813,0.33035714285714285,0.9999999999999393
Pond-2,GC01PS03D0016_y439_x206_p128_0003.npy,vertical_flip,0.9997076988220215,160,0.43360433604336046,0.4383561643835616,0.9999999999999389
Pond-2,GC01PS03D0016_y439_x206_p128_0003.npy,brightness,0.999925971031189,234,0.6341463414634146,0.5330296127562643,0.9999999999999392
Pond-2,GC01PS03D0016_y439_x206_p128_0003.npy,contrast,0.9999961256980896,340,0.9214092140921409,0.8607594936708861,0.9999999999999389
Pond-2,GC01PS03D0016_y597_x1102_p128_0009.npy,horizontal_flip,0.9994564652442932,296,0.592,0.6218487394957983,0.9999999999999389
Pond-2,GC01PS03D0016_y597_x1102_p128_0009.npy,vertical_flip,0.998960018157959,31,0.062,0.062,0.9999999999999392
Pond-2,GC01PS03D0016_y597_x1102_p128_0009.npy,brightness,0.9998042583465576,303,0.606,0.606,0.9999999999999388
Pond-2,GC01PS03D0016_y597_x1102_p128_0009.npy,contrast,0.9999877214431763,458,0.916,0.916,0.9999999999999392
Pond-2,GC01PS03D0016_y675_x782_p128_0008.npy,horizontal_flip,0.9995412826538086,101,0.21443736730360935,0.20486815415821502,0.9999999999999393
Pond-2,GC01PS03D0016_y675_x782_p128_0008.npy,vertical_flip,0.9986635446548462,2,0.004246284501061571,0.004081632653061225,0.9999999999999389
Pond-2,GC01PS03D0016_y675_x782_p128_0008.npy,brightness,0.9998690485954285,252,0.535031847133758,0.5080645161290323,0.9999999999999389
Pond-2,GC01PS03D0016_y675_x782_p128_0008.npy,contrast,0.9999940395355225,442,0.9384288747346072,0.918918918918919,0.999999999999939
Pond-2,GC01PS03D0016_y77_x225_p128_0001.npy,horizontal_flip,0.9997028708457947,106,0.27319587628865977,0.25,0.9999999999999392
Pond-2,GC01PS03D0016_y77_x225_p128_0001.npy,vertical_flip,0.9990169405937195,2,0.005154639175257732,0.005263157894736842,0.9999999999999389
Pond-2,GC01PS03D0016_y77_x225_p128_0001.npy,brightness,0.9999192357063293,236,0.6082474226804123,0.5645933014354066,0.9999999999999392
Pond-2,GC01PS03D0016_y77_x225_p128_0001.npy,contrast,0.9999949932098389,338,0.8711340206185567,0.8578680203045685,0.9999999999999389
Pond-2,GC01PS03D0043_y229389_x11503_p128_0018.npy,horizontal_flip,0.9963643550872803,0,0.0,0.0,0.0
Pond-2,GC01PS03D0043_y229389_x11503_p128_0018.npy,vertical_flip,0.9995615482330322,207,0.5348837209302325,0.5362694300518135,0.9999999999999392
Pond-2,GC01PS03D0043_y229389_x11503_p128_0018.npy,brightness,0.9997944235801697,129,0.3333333333333333,0.4161290322580645,0.9999999999999387
Pond-2,GC01PS03D0043_y229389_x11503_p128_0018.npy,contrast,0.9999951124191284,358,0.9250645994832042,0.9179487179487179,0.999999999999939
Pond-2,GC01PS03D0043_y229422_x11377_p128_0019.npy,horizontal_flip,0.9963643550872803,0,0.0,0.0,0.0
Pond-2,GC01PS03D0043_y229422_x11377_p128_0019.npy,vertical_flip,0.9995615482330322,207,0.5348837209302325,0.5362694300518135,0.9999999999999392
Pond-2,GC01PS03D0043_y229422_x11377_p128_0019.npy,brightness,0.9997944235801697,129,0.3333333333333333,0.4161290322580645,0.9999999999999387
Pond-2,GC01PS03D0043_y229422_x11377_p128_0019.npy,contrast,0.9999951124191284,358,0.9250645994832042,0.9179487179487179,0.999999999999939
Pond-2,GC01PS03D0043_y229482_x11515_p128_0013.npy,horizontal_flip,0.9963643550872803,0,0.0,0.0,0.0
Pond-2,GC01PS03D0043_y229482_x11515_p128_0013.npy,vertical_flip,0.9995615482330322,207,0.5348837209302325,0.5362694300518135,0.9999999999999392
Pond-2,GC01PS03D0043_y229482_x11515_p128_0013.npy,brightness,0.9997944235801697,129,0.3333333333333333,0.4161290322580645,0.9999999999999387
Pond-2,GC01PS03D0043_y229482_x11515_p128_0013.npy,contrast,0.9999951124191284,358,0.9250645994832042,0.9179487179487179,0.999999999999939
Pond-2,GC01PS03D0043_y229513_x11400_p128_0014.npy,horizontal_flip,0.9963643550872803,0,0.0,0.0,0.0
Pond-2,GC01PS03D0043_y229513_x11400_p128_0014.npy,vertical_flip,0.9995615482330322,207,0.5348837209302325,0.5362694300518135,0.9999999999999392
Pond-2,GC01PS03D0043_y229513_x11400_p128_0014.npy,brightness,0.9997944235801697,129,0.3333333333333333,0.4161290322580645,0.9999999999999387
Pond-2,GC01PS03D0043_y229513_x11400_p128_0014.npy,contrast,0.9999951124191284,358,0.9250645994832042,0.9179487179487179,0.999999999999939
Pond-2,GC01PS03D0043_y229639_x11578_p128_0012.npy,horizontal_flip,0.9963643550872803,0,0.0,0.0,0.0
Pond-2,GC01PS03D0043_y229639_x11578_p128_0012.npy,vertical_flip,0.9995615482330322,207,0.5348837209302325,0.5362694300518135,0.9999999999999392
Pond-2,GC01PS03D0043_y229639_x11578_p128_0012.npy,brightness,0.9997944235801697,129,0.3333333333333333,0.4161290322580645,0.9999999999999387
Pond-2,GC01PS03D0043_y229639_x11578_p128_0012.npy,contrast,0.9999951124191284,358,0.9250645994832042,0.9179487179487179,0.999999999999939
Pond-2,GC01PS03D0043_y229690_x12206_p128_0017.npy,horizontal_flip,0.9963643550872803,0,0.0,0.0,0.0
Pond-2,GC01PS03D0043_y229690_x12206_p128_0017.npy,vertical_flip,0.9995615482330322,207,0.5348837209302325,0.5362694300518135,0.9999999999999392
Pond-2,GC01PS03D0043_y229690_x12206_p128_0017.npy,brightness,0.9997944235801697,129,0.3333333333333333,0.4161290322580645,0.9999999999999387
Pond-2,GC01PS03D0043_y229690_x12206_p128_0017.npy,contrast,0.9999951124191284,358,0.9250645994832042,0.9179487179487179,0.999999999999939
Pond-2,GC01PS03D0043_y229798_x11577_p128_0016.npy,horizontal_flip,0.9963643550872803,0,0.0,0.0,0.0
Pond-2,GC01PS03D0043_y229798_x11577_p128_0016.npy,vertical_flip,0.9995615482330322,207,0.5348837209302325,0.5362694300518135,0.9999999999999392
Pond-2,GC01PS03D0043_y229798_x11577_p128_0016.npy,brightness,0.9997944235801697,129,0.3333333333333333,0.4161290322580645,0.9999999999999387
Pond-2,GC01PS03D0043_y229798_x11577_p128_0016.npy,contrast,0.9999951124191284,358,0.9250645994832042,0.9179487179487179,0.999999999999939
Pond-2,GC01PS03D0043_y229844_x11496_p128_0015.npy,horizontal_flip,0.9963643550872803,0,0.0,0.0,0.0
Pond-2,GC01PS03D0043_y229844_x11496_p128_0015.npy,vertical_flip,0.9995615482330322,207,0.5348837209302325,0.5362694300518135,0.9999999999999392
Pond-2,GC01PS03D0043_y229844_x11496_p128_0015.npy,brightness,0.9997944235801697,129,0.3333333333333333,0.4161290322580645,0.9999999999999387
Pond-2,GC01PS03D0043_y229844_x11496_p128_0015.npy,contrast,0.9999951124191284,358,0.9250645994832042,0.9179487179487179,0.999999999999939
Pond-2,GC01PS03D0043_y230002_x12392_p128_0021.npy,horizontal_flip,0.9963643550872803,0,0.0,0.0,0.0
Pond-2,GC01PS03D0043_y230002_x12392_p128_0021.npy,vertical_flip,0.9995615482330322,207,0.5348837209302325,0.5362694300518135,0.9999999999999392
Pond-2,GC01PS03D0043_y230002_x12392_p128_0021.npy,brightness,0.9997944235801697,129,0.3333333333333333,0.4161290322580645,0.9999999999999387
Pond-2,GC01PS03D0043_y230002_x12392_p128_0021.npy,contrast,0.9999951124191284,358,0.9250645994832042,0.9179487179487179,0.999999999999939
Pond-2,GC01PS03D0043_y230080_x12072_p128_0020.npy,horizontal_flip,0.9963643550872803,0,0.0,0.0,0.0
Pond-2,GC01PS03D0043_y230080_x12072_p128_0020.npy,vertical_flip,0.9995615482330322,207,0.5348837209302325,0.5362694300518135,0.9999999999999392
Pond-2,GC01PS03D0043_y230080_x12072_p128_0020.npy,brightness,0.9997944235801697,129,0.3333333333333333,0.4161290322580645,0.9999999999999387
Pond-2,GC01PS03D0043_y230080_x12072_p128_0020.npy,contrast,0.9999951124191284,358,0.9250645994832042,0.9179487179487179,0.999999999999939
Pond-2,GC01PS03D0043_y230546_x12099_p128_0022.npy,horizontal_flip,0.9963643550872803,0,0.0,0.0,0.0
Pond-2,GC01PS03D0043_y230546_x12099_p128_0022.npy,vertical_flip,0.9995615482330322,207,0.5348837209302325,0.5362694300518135,0.9999999999999392
Pond-2,GC01PS03D0043_y230546_x12099_p128_0022.npy,brightness,0.9997944235801697,129,0.3333333333333333,0.4161290322580645,0.9999999999999387
Pond-2,GC01PS03D0043_y230546_x12099_p128_0022.npy,contrast,0.9999951124191284,358,0.9250645994832042,0.9179487179487179,0.999999999999939
Pond-2,GC01PS03D0043_y230668_x12116_p128_0023.npy,horizontal_flip,0.9963643550872803,0,0.0,0.0,0.0
Pond-2,GC01PS03D0043_y230668_x12116_p128_0023.npy,vertical_flip,0.9995615482330322,207,0.5348837209302325,0.5362694300518135,0.9999999999999392
Pond-2,GC01PS03D0043_y230668_x12116_p128_0023.npy,brightness,0.9997944235801697,129,0.3333333333333333,0.4161290322580645,0.9999999999999387
Pond-2,GC01PS03D0043_y230668_x12116_p128_0023.npy,contrast,0.9999951124191284,358,0.9250645994832042,0.9179487179487179,0.999999999999939
